FBG1,FBG2,FBG3,Target
0.374540119,0.950714306,0.731993942,7.367186504
0.598658484,0.15601864,0.15599452,2.507046086
0.058083612,0.866176146,0.601115012,5.788627653
0.708072578,0.020584494,0.969909852,6.190852328
0.832442641,0.212339111,0.181824967,3.332221848
0.18340451,0.304242243,0.524756432,3.92944296
0.431945019,0.29122914,0.611852895,4.759914218
0.139493861,0.292144649,0.366361843,3.00156973
0.456069984,0.785175961,0.199673782,4.08841324
0.514234438,0.592414569,0.046450413,3.078829928
0.607544852,0.170524124,0.065051593,1.948982889
0.948885537,0.965632033,0.808397348,8.701386886
0.304613769,0.097672114,0.684233027,4.171173094
0.440152494,0.122038235,0.49517691,3.83357308
0.034388521,0.909320402,0.258779982,4.027711817
0.662522284,0.311711076,0.520068021,5.013890674
0.546710279,0.184854456,0.969584628,6.442326918
0.775132823,0.939498942,0.89482735,8.672163428
0.597899979,0.921874235,0.088492502,4.292232729
0.195982862,0.045227289,0.325330331,2.277880407
0.38867729,0.271349032,0.828737509,5.719499403
0.356753327,0.28093451,0.542696083,4.214961869
0.140924225,0.802196981,0.074550644,3.077194433
0.986886937,0.772244769,0.198715682,5.334264862
0.005522117,0.815461428,0.706857344,6.10345512
0.729007168,0.771270347,0.074044652,4.286898558
0.358465729,0.11586906,0.863103426,5.3440789
0.623298127,0.330898025,0.06355835,2.424477311
0.310982322,0.325183322,0.729606178,5.204198985
0.637557471,0.887212743,0.472214925,6.323855847
0.119594246,0.713244787,0.760785049,6.086472204
0.561277198,0.77096718,0.493795596,5.808718825
0.522732829,0.427541018,0.025419127,2.489563136
0.107891427,0.031429186,0.636410411,3.487257232
0.314355981,0.508570691,0.907566474,6.695536105
0.249292229,0.410382923,0.755551139,5.431639387
0.228798165,0.07697991,0.289751453,2.114253254
0.161221287,0.929697652,0.80812038,7.059714115
0.633403757,0.87146059,0.803672077,7.988569509
0.186570059,0.892558998,0.539342242,5.851053256
0.807440155,0.8960913,0.318003475,5.708552799
0.110051925,0.227935163,0.427107789,2.946497194
0.818014766,0.860730583,0.006952131,4.103329009
0.510747303,0.417411003,0.22210781,3.319264274
0.119865367,0.337615171,0.942909704,5.958780971
0.323202932,0.518790622,0.703018959,5.572908002
0.363629602,0.971782083,0.962447295,8.362655946
0.251782296,0.497248506,0.30087831,3.399305921
0.284840494,0.036886947,0.609564334,3.748890234
0.502679023,0.051478751,0.278646464,2.559961055
0.908265886,0.239561891,0.144894872,3.187518049
0.48945276,0.985650454,0.242055272,5.163815328
0.672135547,0.761619615,0.237637544,4.762649652
0.728216349,0.367783133,0.632305831,5.694145737
0.633529711,0.535774684,0.09028977,3.493177533
0.835302496,0.320780065,0.18651851,3.699583843
0.040775142,0.590892943,0.677564362,5.112092798
0.016587829,0.512093058,0.226495775,2.784906951
0.64517279,0.174366429,0.690937738,5.349273214
0.386735346,0.936729989,0.137520944,4.156439051
0.341066351,0.113473521,0.924693618,5.727899122
0.877339353,0.257941628,0.659984046,5.982217012
0.8172222,0.555200812,0.529650578,5.836045246
0.241852291,0.093102768,0.897215758,5.157341393
0.900418057,0.633101457,0.339029791,5.497055588
0.349209575,0.725955679,0.89711026,7.388987017
0.887086424,0.779875546,0.642031646,7.379105344
0.084139965,0.161628714,0.898554189,5.179995937
0.60642906,0.009197052,0.101471543,1.786876581
0.663501769,0.005061584,0.160808051,2.013581334
0.548733789,0.691895198,0.65196126,6.53769124
0.224269309,0.712179221,0.237249087,3.88828072
0.325399698,0.746491405,0.649632899,6.115499033
0.84922341,0.657612892,0.568308603,6.50848082
0.093674768,0.367715803,0.265202368,2.463398033
0.243989643,0.973010555,0.393097725,5.42392505
0.892046555,0.631138626,0.794811304,7.70877125
0.502637093,0.576903885,0.492517694,5.192355207
0.195242988,0.722452115,0.280772362,4.07413947
0.024315966,0.645472296,0.177110679,2.837194495
0.940458584,0.953928577,0.91486439,9.373485443
0.3701587,0.015456617,0.928318563,5.326313629
0.428184148,0.966654819,0.963619977,8.572077424
0.853009455,0.294448892,0.385097729,4.497418804
0.851136672,0.316922005,0.169492747,3.523033884
0.556801262,0.936154774,0.696029797,7.365263138
0.57006117,0.097176494,0.615007227,4.493540695
0.99005385,0.140084015,0.518329652,5.074612725
0.877373072,0.740768618,0.697015741,7.418454278
0.702484084,0.359491151,0.293591844,3.790743133
0.809361155,0.810113395,0.867072319,8.559382478
0.913240553,0.511342399,0.501516295,6.006235183
0.798295179,0.649963931,0.701966877,6.927090267
0.795792669,0.890005342,0.337995157,6.020547929
0.375582953,0.09398194,0.578280141,3.874214953
0.035942274,0.465598018,0.542644635,4.208250497
0.286541252,0.590833261,0.03050025,2.527505949
0.037348189,0.822600561,0.360190641,4.320010487
0.127060513,0.52224326,0.769993553,5.592442004
0.215821027,0.622890476,0.085347465,2.657996702
0.051681721,0.531354632,0.540635122,4.308983754
0.637429901,0.726091334,0.975852079,8.249211981
0.516300348,0.322956473,0.795186195,5.97068326
0.270832251,0.438971421,0.078456381,2.179284672
0.025350743,0.962648415,0.835980121,7.18675254
0.695974206,0.408952944,0.17329432,3.634003461
0.156437043,0.250242898,0.549226665,3.751730779
0.714595923,0.660197377,0.279933897,4.83339391
0.954865281,0.737896917,0.554354053,6.945160085
0.611720746,0.419600062,0.24773099,3.768096854
0.355972679,0.75784611,0.014393489,3.065046659
0.116072641,0.046002642,0.040728802,0.648065461
0.855460584,0.703657859,0.474173829,6.240988787
0.097834161,0.491615875,0.473471771,3.914108558
0.17320187,0.433851649,0.398504734,3.727397966
0.615850098,0.635093651,0.04530401,3.452230281
0.374612615,0.625859916,0.503136259,5.066157659
0.856489841,0.658693632,0.162934427,4.507526496
0.070568747,0.642419278,0.026511311,2.269284781
0.585775581,0.940230241,0.575474178,6.848681394
0.388169926,0.643288218,0.45825289,5.104766765
0.545616789,0.941464809,0.386102638,6.082528443
0.961190564,0.905350642,0.195791135,5.538790124
0.069361301,0.100778001,0.018221826,0.394061274
0.094442961,0.683006773,0.071188648,2.624231344
0.31897563,0.844875311,0.023271936,3.361093123
0.814468483,0.281854775,0.118164828,3.04223879
0.696737165,0.628942847,0.877472014,7.812989005
0.735071044,0.80348093,0.282034573,5.156897162
0.177439544,0.750614752,0.806834739,6.710188901
0.990505142,0.412617677,0.372018086,5.018367662
0.776412961,0.34080354,0.930757326,7.400960961
0.858412752,0.428994027,0.750871068,6.95741446
0.754542874,0.103123869,0.902552907,6.254556229
0.505252372,0.826457466,0.320049601,5.035169435
0.895523228,0.389201679,0.010837651,3.098798539
0.905381976,0.091286677,0.319313638,3.642479106
0.950061967,0.950607147,0.573437888,7.614593694
0.631837212,0.448445522,0.293210772,4.077603691
0.328664545,0.672518456,0.752374529,6.244789791
0.791579044,0.789618143,0.091206103,4.406659256
0.494420305,0.05755876,0.549528882,3.840188524
0.441530501,0.887704183,0.350915013,5.251436332
0.117067016,0.142991682,0.761510632,4.615025438
0.618218063,0.101122676,0.084106806,1.834687496
0.700969131,0.072763006,0.821860059,5.810848097
0.706242227,0.081348781,0.084837714,2.052823074
0.986639579,0.374270796,0.370642147,4.921326263
0.812799567,0.947248577,0.986001064,9.476387375
0.753378185,0.376259586,0.083500717,3.08704384
0.777146916,0.55840425,0.424222009,5.407677927
0.906354385,0.111197482,0.492625104,4.706245205
0.011353645,0.468660642,0.056303276,1.677074756
0.118817916,0.117526247,0.649210302,3.77504241
0.746044879,0.583368765,0.962172548,7.944543744
0.37487058,0.285712086,0.868599128,5.867332006
0.223595839,0.963222539,0.012154475,3.692541111
0.969878827,0.043159912,0.891143114,6.649420916
0.527701109,0.992964796,0.073796565,4.268171994
0.553854284,0.969302536,0.523097844,6.498859601
0.629398638,0.695748689,0.454541065,5.666935273
0.62755808,0.584314312,0.90115801,7.568575628
0.04544638,0.28096319,0.950411484,5.740728133
0.890263784,0.455656753,0.620132598,6.222665236
0.277381183,0.18812116,0.463698405,3.425072444
0.353352228,0.583656112,0.077734637,2.879133929
0.974394808,0.986210744,0.698161714,8.406819719
0.536096366,0.309527616,0.81379502,5.847820643
0.684731173,0.162616939,0.910927184,6.388969123
0.822537243,0.949799913,0.725719508,8.037931124
0.613415196,0.418243036,0.932728483,7.162723059
0.86606389,0.04521867,0.026366974,2.298144562
0.376463367,0.810553331,0.987276129,8.157715539
0.150416891,0.594130715,0.380890857,3.956327243
0.969914398,0.842118923,0.838328705,8.750009239
0.46869316,0.414819502,0.273407072,3.597148975
0.056375497,0.864722376,0.812901009,6.813432617
0.999717673,0.996636837,0.555431706,7.827189445
0.768987415,0.94476573,0.849647391,8.82616333
0.247348102,0.450544135,0.129159415,2.379036842
0.954051027,0.606174634,0.228642806,4.917203193
0.671700684,0.61812824,0.358162718,4.895961567
0.113557592,0.671573196,0.520307701,4.89892454
0.772318392,0.520163501,0.8521815,7.274166137
0.551906839,0.560937972,0.876653603,7.128158924
0.403482866,0.134015228,0.028782676,1.323415808
0.755137256,0.620309551,0.704079768,6.989183678
0.212964162,0.136371476,0.014544666,0.999611523
0.350587559,0.589917687,0.392244045,4.307576666
0.437474922,0.904158694,0.348255467,5.334196674
0.513989489,0.783653013,0.396542782,5.290693943
0.6220867,0.862363709,0.949520624,8.453017154
0.147073481,0.926587625,0.492116293,5.512789598
0.258244388,0.459135756,0.980032575,6.763210643
0.492618094,0.32875161,0.633400854,5.381166939
0.240145619,0.075863328,0.128879722,1.395575814
0.128045839,0.151902694,0.138827173,1.268173872
0.640874745,0.181880084,0.345667283,3.499248759
0.89678841,0.47396164,0.667557739,6.655388763
0.172319871,0.192289019,0.040868616,1.334694157
0.168935063,0.278590339,0.177010484,1.900095233
0.088702534,0.120635871,0.460778768,2.655214082
0.206333718,0.364269861,0.503417271,4.209659892
0.690394829,0.03931214,0.799410399,5.534739489
0.627900389,0.081759032,0.873578624,5.782141722
0.920872401,0.06107796,0.276877648,3.46282983
0.80620128,0.74825969,0.184521019,4.516211954
0.209349323,0.370472103,0.484522985,3.953067432
0.618254772,0.36891364,0.462534716,4.68870616
0.747470938,0.036683203,0.252436944,2.959603221
0.713349586,0.895206838,0.511677442,6.5693173
0.532113485,0.107172011,0.447412367,3.631373555
0.532617266,0.242470504,0.269243231,3.046319736
0.377284163,0.020071198,0.322079166,2.450716123
0.211448007,0.327497352,0.119762132,1.914664097
0.890527281,0.593592454,0.679102319,6.916533434
0.789171239,0.498442199,0.086920288,3.408688975
0.537106542,0.586841118,0.745439474,6.627047433
0.431659546,0.127580303,0.283775906,2.750784642
0.363082296,0.645917241,0.570778305,5.494345783
0.356096726,0.986515249,0.605774819,6.704437094
0.237226792,0.101782473,0.152859139,1.399237556
0.245957728,0.160681373,0.186567024,1.876827032
0.285095169,0.173373595,0.896765425,5.569117785
0.080233746,0.52451139,0.410396827,4.048065104
0.982378617,0.112038902,0.397855599,4.178955233
0.969470433,0.865507126,0.817072071,8.767240323
0.257902827,0.170887587,0.66864322,4.471370393
0.929375989,0.556762893,0.571612689,6.415167745
0.279979094,0.769492933,0.187043749,3.979517778
0.323679236,0.425436439,0.507610379,4.498930229
0.242409732,0.114836825,0.610620042,3.921346071
0.288630553,0.581238221,0.154362715,3.087477282
0.481140102,0.532589433,0.051823537,2.941523074
0.336604278,0.134414677,0.06337497,1.502974363
0.989960232,0.322353845,0.809874446,6.9337865
0.254640655,0.681502722,0.76022786,6.223004056
0.595638741,0.471576189,0.411840914,4.644912554
0.348868267,0.929529144,0.830619408,7.559417148
0.965026911,0.124297223,0.730867475,5.95093041
0.938340457,0.181233066,0.066496267,2.876605262
0.741120649,0.574473113,0.841828777,7.369074356
0.139772377,0.795267312,0.20162732,3.669200951
0.163655943,0.164265798,0.81457472,4.898785154
0.665197221,0.523065425,0.358830484,4.778586225
0.877200541,0.392445107,0.816599439,6.790044668
0.439134909,0.376944429,0.462679786,4.261832004
0.301377874,0.74760938,0.50272039,5.380314209
0.232212695,0.899574573,0.383891221,5.202613113
0.543552861,0.906472111,0.624237996,6.87852179
0.116898041,0.939832124,0.627708053,6.004177447
0.334905615,0.139272073,0.794025189,5.119724538
0.620072756,0.533461092,0.893892583,7.246455464
0.788597211,0.15167488,0.311722068,3.471862735
0.24848914,0.743946293,0.033532435,2.834044792
0.569889685,0.762458686,0.876765637,7.792531075
0.342081749,0.821257305,0.110631737,3.64061963
0.846452292,0.127488662,0.397287291,3.841250418
0.797295366,0.149917427,0.229251395,3.280306609
0.722252568,0.720036537,0.641147633,6.937840415
0.693948444,0.542724443,0.251799059,4.340217713
0.345695994,0.181597717,0.908450561,5.664669377
0.583391795,0.400851417,0.462005804,4.659217705
0.94728334,0.153351403,0.586229832,5.285117917
0.505888679,0.611454235,0.018110184,2.996570422
0.872123909,0.932118282,0.565133184,7.433102632
0.696650824,0.922499381,0.707238634,7.623575583
0.152539043,0.57628836,0.606715046,5.075717954
0.424130671,0.736444236,0.934367015,7.775157164
0.925568513,0.450839371,0.113238046,3.915427601
0.984841199,0.838898086,0.124662681,5.180140717
0.920841883,0.869896362,0.518838057,7.124468806
0.591275436,0.399002704,0.054761639,2.66174984
0.335197242,0.802853449,0.004632023,3.243160859
0.333499172,0.398168694,0.537395603,4.589458718
0.919855616,0.346345994,0.346953202,4.527406434
0.737501248,0.452217941,0.224604823,4.095017431
0.452439516,0.14085702,0.176386987,2.279175353
0.498367773,0.41892545,0.914845901,6.783436997
0.362393899,0.58058835,0.632264288,5.579924992
0.013094457,0.663537372,0.178035967,2.936638418
0.961070317,0.148662728,0.414624124,4.487567916
0.085349668,0.996874252,0.50219501,5.69202637
0.595385017,0.067076477,0.74996047,5.172932686
0.209905593,0.898054289,0.20513964,4.309667994
0.190687721,0.036549668,0.472066945,2.958513486
0.564841133,0.065708639,0.775527617,5.223509827
0.453288835,0.524390269,0.440762747,4.77769327
0.400763061,0.559640331,0.155240246,3.153395955
0.18192813,0.861785621,0.946115462,7.71958314
0.373309316,0.270744673,0.643999543,4.959781003
0.408734171,0.025386356,0.156152597,1.652585806
0.715972229,0.658923942,0.027095993,3.459432853
0.221972162,0.231074797,0.671892744,4.431423543
0.019710538,0.104108582,0.799916085,4.242363945
0.178544662,0.652746108,0.238182781,3.427765362
0.099441393,0.243172191,0.722266932,4.502683208
0.855696468,0.830219865,0.39718353,6.047413476
0.668085137,0.204984295,0.29314773,3.418423644
0.896335819,0.013001924,0.085508531,2.349447779
0.207886255,0.026532204,0.181435435,1.311770679
0.583041561,0.421424551,0.892671711,7.045643721
0.817443562,0.341817352,0.259423433,4.008535555
0.379692408,0.590294943,0.268063641,3.973645907
0.624148908,0.409411652,0.552047181,5.170985221
0.436126529,0.29446576,0.948453307,6.583369394
0.763605794,0.140113176,0.868467976,6.180697605
0.487431198,0.894552227,0.799855256,7.746820107
0.425213504,0.022469308,0.268677359,2.278405665
0.541634215,0.63347822,0.257887685,4.328466638
0.139356074,0.834930237,0.984402181,7.587954301
0.525690182,0.171679286,0.272307327,2.838447871
0.018390677,0.914298807,0.117751083,3.428156009
0.576516476,0.274055221,0.554178003,4.651253825
0.651420388,0.829741804,0.206421272,4.870493176
0.010995829,0.13688563,0.900018642,4.796027976
0.873890078,0.597413102,0.60051686,6.627421185
0.665036675,0.175371279,0.914411946,6.304994583
0.418770525,0.383138528,0.518917705,4.636775155
0.046965967,0.166283369,0.738033616,4.345513215
0.082798668,0.603152109,0.24534911,3.132122031
0.389295614,0.288693737,0.355672716,3.481238677
0.719045905,0.297121716,0.56640464,5.187524385
0.476050402,0.663671165,0.936829739,7.573378811
0.732572097,0.214940379,0.031183135,2.165025537
0.262264044,0.595077931,0.051425813,2.370628379
0.496366247,0.596842849,0.334243891,4.4894455
0.770912204,0.106598253,0.075137782,2.080827798
0.728188756,0.495491316,0.688402396,6.394397863
0.434827339,0.246402033,0.819102318,5.678027544
0.799415879,0.694696471,0.272145137,5.111561134
0.590230667,0.360973897,0.091582073,2.691088841
0.917313575,0.136818631,0.950237354,6.963325034
0.446005773,0.185132929,0.541900947,4.23010214
0.872945836,0.732224886,0.806561148,8.008877873
0.658783367,0.692276565,0.849195652,7.671990281
0.249668009,0.489424964,0.221209442,3.120584877
0.987668008,0.94405934,0.039426811,4.85109088
0.705575173,0.925248317,0.180575345,5.165450891
0.567945231,0.915488298,0.033945979,4.113332126
0.697420267,0.297349007,0.924396195,6.807200221
0.971058245,0.944266489,0.474214217,7.121578994
0.862042651,0.844549399,0.319100473,5.849305135
0.828915474,0.037007635,0.596269878,4.736753566
0.230008837,0.120566886,0.076953202,1.239870337
0.696288776,0.339874964,0.724766772,6.179172979
0.065356341,0.315290338,0.539491292,3.88221683
0.790723165,0.318752503,0.625891376,5.535938801
0.885977748,0.615863188,0.232959475,4.846549434
0.024400782,0.870098874,0.021269411,2.898338571
0.874701673,0.528937134,0.939067699,8.070234092
0.798783236,0.997934111,0.350711815,6.454025923
0.767188289,0.401930914,0.47987562,5.340774465
0.627505463,0.873677114,0.984083469,8.89883057
0.768273414,0.417766782,0.421357002,4.921563045
0.737582302,0.238777146,0.110474113,2.848375454
0.354622158,0.287238992,0.29630812,3.066990676
0.233607751,0.04209319,0.017873935,0.685255049
0.98772239,0.427773134,0.384326647,5.145255993
0.679647283,0.218253888,0.949961184,6.920203485
0.786345014,0.089411002,0.417580776,3.846984048
0.879118308,0.944732022,0.467401511,7.082677011
0.613411389,0.167033946,0.991168626,6.73375416
0.231671701,0.942731774,0.649646649,6.399841353
0.607736795,0.512688511,0.230669812,3.943653111
0.176528032,0.220486209,0.186438262,1.736703351
0.779584474,0.350125259,0.057842677,2.961308909
0.96910263,0.883785885,0.927752283,9.316847479
0.994907823,0.173895249,0.396242019,4.433475892
0.758238476,0.696020618,0.153895906,4.386373107
0.815833125,0.224440572,0.223817615,3.619491783
0.536974423,0.592939935,0.580086208,5.702625019
0.091486837,0.877460863,0.265600043,4.037465717
0.129514921,0.88874808,0.955651498,7.851697914
0.862127617,0.809516075,0.655241981,7.625272081
0.550857371,0.08698676,0.408453213,3.405310653
0.372688517,0.259753784,0.723420114,5.242885257
0.495875735,0.081046216,0.220183202,2.469953719
0.683258764,0.076130859,0.851206914,5.776696253
0.495146527,0.480586577,0.592407785,5.345561126
0.824680966,0.347809208,0.678016153,6.20595777
0.565731964,0.26702827,0.878629986,6.494200098
0.797426022,0.658451835,0.850581729,7.879404279
0.867294201,0.708362977,0.837013328,7.956762539
0.697471462,0.680140772,0.618611378,6.727128241
0.75271664,0.158605105,0.880870759,6.332505301
0.871843528,0.029247283,0.825816751,5.926998879
0.128869867,0.335118854,0.743508256,5.014871363
0.160759896,0.817967024,0.832134178,7.091507796
0.507467734,0.006385872,0.287038133,2.554681346
0.616926918,0.981186178,0.631813527,7.377966556
0.259803581,0.634005703,0.53998538,5.167880023
0.779845395,0.106980639,0.761027903,5.690123686
0.541266579,0.962992004,0.341872166,5.736683951
0.632621893,0.932028106,0.102509728,4.320920735
0.937228487,0.687885722,0.067837059,4.247638691
0.300963567,0.708172089,0.067350601,3.087328601
0.58217046,0.345883057,0.620915518,5.191466272
0.045742034,0.871536806,0.973488969,7.612171664
0.968877855,0.749651832,0.13008624,4.816695284
0.758263196,0.024586916,0.022123552,1.876452469
0.323610219,0.48864319,0.770407418,6.122489071
0.683295377,0.445902706,0.273626666,4.025851647
0.9971245,0.426181302,0.451387024,5.514644258
0.163623821,0.794809549,0.693682226,6.172692661
0.220769613,0.082381046,0.680499302,4.046012925
0.654511214,0.273259527,0.950863562,6.902621319
0.151057892,0.432334801,0.94361592,6.241371581
0.419727317,0.638525948,0.397594398,4.629942933
0.274215202,0.983977648,0.409334006,5.609304503
0.894099204,0.229954606,0.213104704,3.606538704
0.031134083,0.651666825,0.368526344,3.779468785
0.86435825,0.473209907,0.968193428,8.078848902
0.185525516,0.868623168,0.776596853,6.796747026
0.770921845,0.844783228,0.761023991,7.906629852
0.626220322,0.131244878,0.032526179,1.890840575
0.920847848,0.616650315,0.796537291,7.670971838
0.481522352,0.117308189,0.125185792,1.986372322
0.685565287,0.430305895,0.200524727,3.613028928
0.491594547,0.064208937,0.581971402,4.066026256
0.268993404,0.797559101,0.310361959,4.461887962
0.455220149,0.01162054,0.072446888,1.232878522
0.392493556,0.479938835,0.600020548,5.207228941
0.291662579,0.694981886,0.860122397,6.814020972
0.779850989,0.039618825,0.480506947,4.031977815
0.104930178,0.242045016,0.986662593,5.840820821
0.142495543,0.498888153,0.618155734,4.846816242
0.702464971,0.559648683,0.009770847,3.108580484
0.326461308,0.517711643,0.087866499,2.639213622
0.350626931,0.033203109,0.078578497,1.241699826
0.396923276,0.132715754,0.567540848,4.117149763
0.689464969,0.800586699,0.200150244,4.716464734
0.167482582,0.10456784,0.63643025,3.710499848
0.706475726,0.031586145,0.936212246,6.084566677
0.051971284,0.541296335,0.709060519,5.224413878
0.870969124,0.714086932,0.801728083,7.857647327
0.339450193,0.814825114,0.080114846,3.446950352
0.894816656,0.547592376,0.81729777,7.389287624
0.452318285,0.643577695,0.526402661,5.421770877
0.731589522,0.081629982,0.060352084,2.027972072
0.247103234,0.15954468,0.871783567,5.391261288
0.219213987,0.975865256,0.336895792,4.994760396
0.182117916,0.789698507,0.658707776,5.985570448
0.498195716,0.555363551,0.719201778,6.165821146
0.228454741,0.996333916,0.974793162,8.316733125
0.650325686,0.199542451,0.680228242,5.215577074
0.072198409,0.030652502,0.257682889,1.582081548
0.462622957,0.868272505,0.72716907,6.987322129
0.742706521,0.425493334,0.345934993,4.455605041
0.371038763,0.987649564,0.040109191,3.935682908
0.867031496,0.578675409,0.438615419,5.681549766
0.72525766,0.486668941,0.873423238,7.546941702
0.900701864,0.421720927,0.276827797,4.485685497
0.592350329,0.912363346,0.210662189,4.874696179
0.622966584,0.63156022,0.733113022,6.796632515
0.131567685,0.715824965,0.909032521,6.778148234
0.179683109,0.237543325,0.971395094,5.920911688
0.180976953,0.854385093,0.492277856,5.303192862
0.247231074,0.870749901,0.445305255,5.424777155
0.514817354,0.359233369,0.592950851,5.017135046
0.163523873,0.391081537,0.969412322,6.335677375
0.258133433,0.656736665,0.325190064,4.048871396
0.773473126,0.130873661,0.969821045,6.962557594
0.453789541,0.236050463,0.073496747,1.951089933
0.169757905,0.519773949,0.337003176,3.767109242
0.828883366,0.430887524,0.248714273,4.275415842
0.617144987,0.706777217,0.167041908,4.238037836
0.167619216,0.036671427,0.736402015,4.164136103
0.663804528,0.474630876,0.844170449,7.011733657
0.805670153,0.585354364,0.868271281,7.515992544
0.20584121,0.111919619,0.269749612,2.068300996
0.057086856,0.531169528,0.936605692,6.475226555
0.039343541,0.122109914,0.452199028,2.701122246
0.933875018,0.316156105,0.507234809,5.211873409
0.041572859,0.148343201,0.986630123,5.456085491
0.965118696,0.004939981,0.951811785,6.874526814
0.639119938,0.867918295,0.454739856,6.280383209
0.515596029,0.48884658,0.666864258,5.825852685
0.139651255,0.02997359,0.307929942,2.004017915
0.704680763,0.201853452,0.673432433,5.345433346
0.969912046,0.093900716,0.672602118,5.414149672
0.443750219,0.868142254,0.177149789,4.28522955
0.692625952,0.83811529,0.944614219,8.778957748
0.683248028,0.497174764,0.61784724,5.919857241
0.868904984,0.570609747,0.03038706,3.577236109
0.930948696,0.689526751,0.676513386,7.283060753
0.215675152,0.65888547,0.393864406,4.567742403
0.651232977,0.10659303,0.657845305,5.07406746
0.999413726,0.048212039,0.977174184,7.251212513
0.406907961,0.87075345,0.782385484,7.322099172
0.567016261,0.738449209,0.878515561,7.771520405
0.404140322,0.327033162,0.667593386,4.975682801
0.807845942,0.762285135,0.797813649,8.039308975
0.435583315,0.817834216,0.120209055,3.8089366
0.544489098,0.00575866,0.32458583,2.750860883
0.366461535,0.396172692,0.695467207,5.289046925
0.388558101,0.448693623,0.237544131,3.252031042
0.373251792,0.227269627,0.073195924,1.710565841
0.603448593,0.668212799,0.619490346,6.248199786
0.463494044,0.37978578,0.86333365,6.329101406
0.519081785,0.479181878,0.025642066,2.549092653
0.341247828,0.380195619,0.398822781,3.900529807
0.580172369,0.533602547,0.607905093,5.690191563
0.764883262,0.812985739,0.718123076,7.581393263
0.955523696,0.018232583,0.195777986,3.066430984
0.007562875,0.647474714,0.898030549,6.396383001
0.243482297,0.927034545,0.06026739,3.49761329
0.934436027,0.351622687,0.101420828,3.407791795
0.485871759,0.256776568,0.284872902,3.284410252
0.307289965,0.803025898,0.539161277,5.73887477
0.311307699,0.610333783,0.716150674,5.98124869
0.272624001,0.413549102,0.121886093,2.443713438
0.18114935,0.681117854,0.181438348,3.202614784
0.525163384,0.709046262,0.106876923,3.779986119
0.56731222,0.256562784,0.962926875,6.759807897
0.483545647,0.80599255,0.550226542,6.105420806
0.043412533,0.633151376,0.951403342,6.659437324
0.60161182,0.819188859,0.884206463,7.993154443
0.228079772,0.21204484,0.610980989,4.200680742
0.41102847,0.839861303,0.900023123,7.964654515
0.353421379,0.236870559,0.780525515,5.256351237
0.274806036,0.822614319,0.423738254,5.181984965
0.667549899,0.095535314,0.623859325,4.532299662
0.451767679,0.586608463,0.168014208,3.444970013
0.736873745,0.862797078,0.2167398,5.14273183
0.095714556,0.023638586,0.6419715,3.38123403
0.607094036,0.546697413,0.231947096,3.920365153
0.390905996,0.594476335,0.496766859,4.982297336
0.98778552,0.136439753,0.695144554,5.889832341
0.404318768,0.428199615,0.717597766,5.662492307
0.692436151,0.991255994,0.128394289,4.776788608
0.104109649,0.724338817,0.578386917,5.06110032
0.274160667,0.079419369,0.08565825,1.15418417
0.894190875,0.191867325,0.323371562,4.026610193
0.226656402,0.354996306,0.069423843,1.590670451
0.519059791,0.067612564,0.800356508,5.192766794
0.233712082,0.540011915,0.880079088,6.43523056
0.650877369,0.532957787,0.324333753,4.661130641
0.333001913,0.669486955,0.994139361,7.606659317
0.66183919,0.557783417,0.73065051,6.688580081
0.465205612,0.060142343,0.562296816,3.936448046
0.957625285,0.175302942,0.690004891,5.678127202
0.200933689,0.535827684,0.09667645,2.569553401
0.450370936,0.756163329,0.347571524,4.928629131
0.664911724,0.795449961,0.927177819,8.402889293
0.234642082,0.399315916,0.152416013,2.821935748
0.992483502,0.927000968,0.53995713,7.257344266
0.842033294,0.520957977,0.623585688,6.537338626
0.089124432,0.75527042,0.127713484,3.053882792
0.82606763,0.782028088,0.708744698,7.570675903
0.036160381,0.303128356,0.26311257,2.292717454
0.360136407,0.087642747,0.936957823,5.625566537
0.553802241,0.305524311,0.396981517,3.952101706
0.447202541,0.600594333,0.515679428,5.307536093
0.919391973,0.496963483,0.992158015,8.1387471
0.851424958,0.208510514,0.930595215,7.056415449
0.116366398,0.817449708,0.380623293,4.546578948
0.87797432,0.86805669,0.8059254,8.276738778
0.790030436,0.304679139,0.080919283,2.853693419
0.402980179,0.173524515,0.694951089,4.927004269
0.346099727,0.975610201,0.640972077,6.770356934
0.822480564,0.132524673,0.862014482,6.388452919
0.922757191,0.487061919,0.606252938,6.264869199
0.764809801,0.174838627,0.502566076,4.642758051
0.398663028,0.146373992,0.367534422,3.142670917
0.068172309,0.025811907,0.135166289,1.074472669
0.963115112,0.549529536,0.965822161,8.386373242
0.432497878,0.311816133,0.506141863,4.398018951
0.439511689,0.105664684,0.640826315,4.409955757
0.216038183,0.619587955,0.650201092,5.67143287
0.152024853,0.061349627,0.780761586,4.320023279
0.459800424,0.058163796,0.994866317,6.142924351
0.057780561,0.695035229,0.983678925,7.099591705
0.239180104,0.142249369,0.121384939,1.505614194
0.303275148,0.101045811,0.692161342,4.379669685
0.062291798,0.509422128,0.996696854,6.66155829
0.81397027,0.615219438,0.306253621,4.993244053
0.623895836,0.527041464,0.426083384,4.980804302
0.130710377,0.886604215,0.449784649,5.327968449
0.194622512,0.367759351,0.414129753,3.661716807
0.827537896,0.733614381,0.769304894,7.78935886
0.011031264,0.416153998,0.481344152,3.631691329
0.019192277,0.259813209,0.760289823,4.530349213
0.137109706,0.535310131,0.215201872,3.051689222
0.012120775,0.241201458,0.975873755,5.714819376
0.801537112,0.959576644,0.487854044,7.068341444
0.109736199,0.547959489,0.454377335,4.074839474
0.844357083,0.098082581,0.488241137,4.401212727
0.150048665,0.324675927,0.737357077,4.796962081
0.476018129,0.375888285,0.394476279,4.012835396
0.459446768,0.785016544,0.892084689,7.834023664
0.955334687,0.786903386,0.315406896,5.801764473
0.688134706,0.437603124,0.254670622,4.026479874
0.840871579,0.038426349,0.901761992,6.286781856
0.461477465,0.637201477,0.659353922,6.163734674
0.895117741,0.636669682,0.613933585,6.655143313
0.066652041,0.518408022,0.150169001,2.447894096
0.737433769,0.512221921,0.680227779,6.113558599
0.041672901,0.084792016,0.716323388,3.900649174
0.072084336,0.071256728,0.012108475,0.255433907
0.956501398,0.737508359,0.353251409,6.012384369
0.296535581,0.34970323,0.774653531,5.593189243
0.661370611,0.185195568,0.174109335,2.795541701
0.09839565,0.66030272,0.764372662,6.151663392
0.265046428,0.020944961,0.082171667,0.908894425
0.967860035,0.295444777,0.769223148,6.842906461
0.624663569,0.38193964,0.205687262,3.516801524
0.121386418,0.615012968,0.774633781,5.937325115
0.643904254,0.530302133,0.041951223,3.202033039
0.968488778,0.798714192,0.292822037,5.686600962
0.979970329,0.60188159,0.582422658,6.595247303
0.748073179,0.811769788,0.656478607,7.152989787
0.128095746,0.338267506,0.92808364,5.858514442
0.224615612,0.372167024,0.432076883,3.620460946
0.43940499,0.612939582,0.943075838,7.555316222
0.240692712,0.121501376,0.19747049,1.807356562
0.8869249,0.645810813,0.285906789,5.176066681
0.815946939,0.861369996,0.846514339,8.391540424
0.918926534,0.25224102,0.755041929,6.187725441
0.460539497,0.841998553,0.728490677,7.116533775
0.776447446,0.656161838,0.177428769,4.217298756
0.545026919,0.98466974,0.937388066,8.724139984
0.043173736,0.164814816,0.131728773,1.102604282
0.72597991,0.81778533,0.213511366,5.171600241
0.505852693,0.840703028,0.732801545,7.288958466
0.542237205,0.59034769,0.508360547,5.407895596
0.297548451,0.565021993,0.688885302,5.860960059
0.873322916,0.636291354,0.761121537,7.376495981
0.160071635,0.461557474,0.00933162,1.80582173
0.246678865,0.726461715,0.991809951,7.651773675
0.0991781,0.401494316,0.800070969,5.429595998
0.204035635,0.555084949,0.733071296,5.865917947
0.61598545,0.188024735,0.355384569,3.646217158
0.783791784,0.554226514,0.005229614,3.285283545
0.76099076,0.035311355,0.745733783,5.191095755
0.20248056,0.95807348,0.367940751,5.022880688
0.326931616,0.14888805,0.305604215,2.616277568
0.876650762,0.996334338,0.368309531,6.593189427
0.448610631,0.722070938,0.88619578,7.381392606
0.593044334,0.391525698,0.412621841,4.664942635
0.695618146,0.003218264,0.619589337,4.650477177
0.35549301,0.794197331,0.09299064,3.618743046
0.588202267,0.48097289,0.642325526,5.838154519
0.064853594,0.579983787,0.561484588,4.655860594
0.560660094,0.603487667,0.676467937,6.218931029
0.804989,0.26982072,0.82504941,6.552435262
0.498255682,0.077058279,0.058550929,1.546216102
0.334238319,0.784896977,0.707680935,6.437396185
0.788614965,0.517269056,0.440198998,5.36344973
0.147452527,0.328192754,0.434019366,3.43405424
0.08860043,0.220611953,0.598225294,3.639382432
0.735663114,0.998347511,0.933113331,9.045896918
0.6425652,0.421248053,0.636177365,5.688400829
0.785651618,0.118336191,0.40990489,4.164605023
0.839802286,0.383832952,0.571872271,5.746120096
0.587769361,0.184476253,0.362235442,3.406596532
0.334511289,0.026196709,0.024191764,0.917175151
0.831697044,0.27307081,0.518078766,4.91826995
0.298725574,0.940679245,0.259296759,4.824241782
0.429656813,0.87273025,0.841933567,7.640059746
0.186101418,0.80264331,0.458186887,5.06170358
0.482968872,0.133479972,0.080601514,1.901964895
0.727939307,0.496461152,0.436850703,5.000799227
0.729508229,0.765512899,0.158908168,4.410384174
0.610225149,0.135354082,0.751375086,5.325028043
0.656955156,0.956614621,0.068958016,4.632382143
0.057054721,0.282187075,0.261705684,2.117264478
0.246978799,0.906254581,0.2495462,4.177236779
0.271949726,0.759398262,0.449739842,5.025677566
0.776710557,0.065366158,0.487571194,4.242549635
0.0336136,0.062653203,0.906437453,4.907400252
0.139245371,0.532420682,0.411095603,3.884914666
0.347343326,0.899833346,0.021823397,3.462161013
0.663789686,0.963394434,0.560168183,7.133993666
0.936822462,0.052257879,0.418793319,3.937410987
0.260157791,0.730820965,0.98129709,7.580411852
0.256530062,0.654174601,0.198097633,3.485114482
0.565330255,0.463932487,0.97200533,7.427406489
0.608527273,0.349506372,0.114095785,2.785071917
0.151246829,0.22531693,0.250966661,2.236721855
0.850616058,0.561222788,0.523390911,5.753022302
0.114768872,0.860139693,0.722814303,6.358203499
0.067668362,0.707835097,0.543538217,5.021883973
0.081725346,0.458300642,0.484696287,3.863604648
0.16577454,0.945698147,0.849975371,7.424418801
0.669022337,0.462295561,0.411765542,4.828446316
0.650973467,0.545431869,0.062273106,3.215353152
0.512502649,0.806403617,0.459239878,5.757461914
0.051956578,0.786278199,0.201363782,3.373293407
0.258620835,0.164706353,0.330215065,2.641774926
0.756751506,0.51938586,0.204881274,4.157088578
0.877830078,0.879581855,0.870578425,8.762995142
0.238796211,0.451239344,0.984989656,6.697605609
0.772012476,0.027167421,0.065204591,1.973971813
0.463931377,0.909220206,0.538701798,6.42049334
0.497812508,0.1054737,0.656780105,4.390952512
0.822103161,0.380420008,0.775611851,6.779433005
0.964476654,0.203766459,0.523329631,5.123275367
0.287137958,0.792854419,0.577593366,5.883354996
0.634582418,0.79791416,0.395970473,5.76248437
0.915090068,0.533028867,0.157954823,4.081873483
0.695899118,0.79326135,0.316761677,5.284446573
0.857179257,0.906143255,0.276904487,5.788455846
0.983521473,0.140711528,0.202015668,3.320880519
0.184224839,0.89398971,0.654292552,6.495375228
0.152104283,0.440323418,0.615298025,4.615991738
0.083464085,0.882416368,0.803603535,6.776640274
0.505206774,0.967126615,0.417760979,6.021037192
0.984110319,0.667919999,0.634671273,7.025122048
0.165954895,0.881927758,0.427489688,5.075573434
0.162233406,0.01260752,0.559755684,3.192813116
0.527399622,0.719353622,0.890258053,7.630864336
0.079406585,0.73149649,0.187411944,3.281023675
0.858177053,0.819063514,0.540793755,6.824580212
0.710242799,0.314350113,0.471167899,4.567928401
0.821636898,0.459265197,0.357798265,4.842220035
0.494212447,0.828249252,0.335208047,5.324706196
0.173761593,0.71201402,0.825978213,6.615296474
0.100637479,0.239874113,0.14197199,1.653283656
0.347941412,0.450350979,0.748826337,5.86033972
0.651147585,0.620928567,0.352374947,4.800022556
0.841447553,0.471287167,0.979104938,8.162532764
0.634142138,0.126264742,0.676177562,5.048199191
0.325104015,0.686327197,0.069641148,3.220581052
0.174881437,0.855737259,0.227179557,3.979569137
0.837041125,0.279276088,0.64288191,5.908126258
0.694150574,0.512654753,0.305310677,4.530334339
0.212644376,0.033189355,0.303946401,2.099892831
0.653162791,0.938304818,0.871204482,8.500664893
0.766064777,0.788447343,0.664984903,7.197543238
0.260286858,0.907195031,0.670732312,6.715873533
0.560440631,0.110989469,0.447055544,3.703163376
0.460358271,0.86456361,0.54664822,6.050941502
0.380400549,0.976800329,0.110720593,4.133086404
0.422548428,0.042024675,0.739904121,4.652106911
0.918076552,0.28003733,0.858341677,6.998973375
0.29221823,0.910770162,0.753961904,7.080897615
0.804906777,0.018006556,0.962810357,6.599782085
0.726670992,0.304751095,0.829394665,6.319458408
0.281521198,0.87275384,0.11258039,3.758564661
0.703685977,0.540698477,0.09653447,3.330341813
0.241893828,0.012404036,0.468767965,2.940810822
0.301265261,0.598357484,0.297237808,3.874346142
0.299919112,0.743193199,0.048142836,3.112092996
0.902894995,0.852263874,0.667804683,7.615216734
0.59322157,0.892302498,0.18533018,4.917948025
0.078969162,0.23951017,0.794578279,4.953532694
0.034670267,0.582806835,0.995437516,6.85330305
0.855696094,0.521445689,0.063640909,3.580982077
0.831373514,0.598978508,0.114932997,4.092333267
0.093857285,0.909626819,0.669200263,6.191907086
0.829286799,0.8789789,0.571772352,7.239927626
0.517446352,0.43042741,0.316946588,4.075855963
0.434595961,0.773879656,0.601923431,6.3075091
0.89252329,0.443380014,0.607089579,6.07767427
0.631307553,0.591697162,0.702633773,6.58701719
0.237433468,0.512363778,0.104224803,2.403768129
0.384511328,0.487667069,0.65222426,5.55038419
0.950531053,0.600651067,0.743593916,7.466045227
0.506266059,0.634104031,0.070932216,3.08252366
0.254391581,0.361853093,0.472493355,3.840630832
0.045648746,0.140024098,0.276814308,1.867127433
0.971532691,0.331347007,0.482041058,5.317225719
0.196097713,0.610780071,0.280683216,3.507004023
0.206992578,0.516572628,0.005505799,2.030129911
0.007664033,0.219068809,0.036721363,0.881288666
0.108025754,0.338860649,0.80258568,5.226134941
0.572048643,0.512667726,0.293488823,4.073965431
0.931753719,0.397015041,0.087092767,3.594887109
0.617066516,0.113838393,0.345223143,3.467304638
0.507411939,0.874222525,0.49354658,6.056868205
0.702258766,0.992816839,0.13148912,4.979196957
0.274731526,0.394576076,0.421828179,3.891452937
0.411021075,0.907611003,0.714032644,7.079235443
0.607905214,0.309372718,0.823790384,6.248940783
0.955060511,0.821198283,0.001565105,4.455506712
0.63640137,0.051135381,0.25760722,2.523309378
0.0595247,0.603795453,0.686589913,5.495215559
0.114487638,0.383838883,0.456236509,3.668942522
0.369053022,0.121025,0.41894779,3.154770681
0.751178048,0.071007665,0.080180014,2.107355744
0.354771292,0.941725712,0.668572647,6.873825888
0.678669957,0.361919991,0.593660791,5.238283712
0.010131184,0.636096046,0.913286948,6.644479068
0.612573468,0.873698593,0.723973055,7.470240558
0.120558416,0.902453307,0.066443844,3.324996189
0.533967473,0.142137124,0.011706611,1.648034347
0.42203426,0.295040708,0.486000494,4.057076866
0.577199887,0.043739072,0.123003295,1.947980656
0.558642396,0.343167353,0.729173488,5.765890181
0.652291649,0.845604363,0.692492827,7.388537597
0.429931077,0.672966622,0.275381174,4.042945151
0.306313499,0.78898516,0.446419516,5.201770629
0.798380341,0.822422374,0.857562338,8.291557425
0.916635236,0.430985221,0.318866818,4.76378652
0.582198747,0.371172423,0.601074167,5.330290016
0.705585863,0.688405018,0.374552887,5.278388626
0.166860202,0.430529338,0.142594144,2.267061753
0.890097035,0.345877461,0.154459747,3.579058652
0.02544776,0.645822386,0.636902317,5.083210043
0.340604167,0.071711889,0.409628895,3.028686844
0.311217495,0.67712064,0.605779249,5.645772437
0.364593728,0.217892554,0.988035966,6.032346128
0.454001621,0.688274236,0.140552968,3.638108582
0.4855897,0.02753672,0.505455118,3.477210766
0.964017407,0.384206713,0.038996013,3.112507435
0.030955791,0.38798676,0.160024936,1.90225388
0.023352096,0.756213614,0.458523009,4.618900926
0.289244772,0.900083183,0.11613896,3.992297977
0.955918829,0.313966717,0.888403672,7.327074619
0.602942876,0.82670736,0.984013163,8.545423309
0.288405438,0.961135485,0.389481895,5.453217226
0.385511905,0.340387104,0.541407607,4.453314128
0.154145043,0.553711485,0.541704812,4.608488568
0.761901813,0.833649962,0.44044135,6.111523996
0.302333249,0.259334897,0.194623837,2.180607494
0.057647582,0.342447979,0.270247692,2.454885191
0.966417386,0.557708826,0.347277039,5.358151795
0.580467601,0.139196701,0.444043749,3.789081685
0.626234321,0.488897832,0.401778801,4.686459449
0.993848389,0.880314762,0.623405958,7.651096249
0.569377361,0.62066048,0.201312108,4.06812132
0.395137743,0.039459533,0.475546037,3.154671081
0.543024584,0.227749736,0.964028847,6.667045403
0.909454611,0.722143235,0.533386629,6.55205037
0.86996916,0.130652344,0.790509794,6.009200798
0.124820814,0.794210663,0.275767568,3.864432938
0.877090581,0.944042094,0.148795969,5.280147076
0.462675605,0.980987378,0.483407436,6.38288177
0.863547523,0.588731522,0.375329908,5.42150196
0.285783556,0.203223091,0.761798191,5.088069552
0.386540507,0.511275462,0.49232548,4.820749055
0.577279029,0.865577146,0.980739344,8.54461923
0.407584209,0.827518922,0.764527795,7.087285234
0.573528951,0.956047144,0.200474516,4.939551998
0.10926421,0.853961967,0.439149817,5.109220895
0.846968854,0.893090205,0.062457594,4.565817427
0.883464763,0.448319055,0.510432489,5.753418906
0.626592511,0.926382607,0.019116094,4.217208702
0.476843468,0.687722042,0.722706958,6.813349873
0.692532432,0.134435129,0.299395588,3.244379534
0.358715525,0.804437208,0.278759872,4.595774252
0.210704964,0.957448019,0.008863285,3.566235594
0.997820856,0.676821299,0.828469299,8.106687937
0.294619396,0.014315278,0.737869519,4.168028194
0.834144597,0.740476132,0.142850287,4.415968023
0.753427922,0.768922782,0.658540516,7.177597972
0.766115933,0.84592144,0.613604114,6.949701735
0.088604714,0.48762781,0.077649335,1.991107625
0.407543031,0.407106489,0.066009844,2.410186069
0.348820534,0.110998099,0.80823521,5.090328968
0.947688026,0.072316475,0.955115207,6.930446001
0.522576599,0.299565678,0.076862075,2.350389594
0.500624268,0.794515544,0.707086477,7.048114137
0.050226011,0.072901835,0.402873283,2.238292304
0.295290494,0.232384323,0.281004499,2.625056938
0.803482743,0.929228054,0.405102695,6.342897176
0.906111002,0.321495701,0.476436986,5.241913221
0.226028998,0.640476042,0.978981115,7.358431557
0.603493096,0.357814084,0.647817446,5.564638206
0.122920678,0.88865908,0.503083951,5.545587718
0.449349742,0.585864788,0.624783863,5.662409077
0.071775806,0.682617221,0.24193168,3.567784089
0.713952633,0.822534794,0.803958508,8.067626048
0.552500967,0.520169892,0.142875961,3.453453618
0.77534615,0.27140938,0.496695423,5.026577447
0.284274093,0.133828363,0.629557697,3.952159439
0.054332035,0.748645234,0.317586795,3.890088935
0.000134693,0.511129139,0.046851909,1.694386
0.276169558,0.706976487,0.062689622,3.058864618
0.839338492,0.003819923,0.246823869,2.819242025
0.740904056,0.31627015,0.101892388,3.015830017
0.360233919,0.270393286,0.842711902,5.882260822
0.313347918,0.788932472,0.891872145,7.522374265
0.43381742,0.909943144,0.377318054,5.512429643
0.964078416,0.089289525,0.687019267,5.532334405
0.49381404,0.387648805,0.632711879,5.229448794
0.703857092,0.00436327,0.166953089,2.380531326
0.713046051,0.666385414,0.966047505,8.333420768
0.76103779,0.950772708,0.702540502,7.883194259
0.298052209,0.105364922,0.781823863,4.779527546
0.644149221,0.048186012,0.360050466,3.030528022
0.956799815,0.500401146,0.432729136,5.471363506
0.457699605,0.208882724,0.368707171,3.576725145
0.369813256,0.05235502,0.767567629,4.606484158
0.416504432,0.822179887,0.850348001,7.570236512
0.211994055,0.657353482,0.472281804,4.858201974
0.880156738,0.215740679,0.6778132,5.671109248
0.607752122,0.295301478,0.136600904,2.802884243
0.65163976,0.738597458,0.315627344,5.191000168
0.644832604,0.395130908,0.713206883,6.042342279
0.199215275,0.890215003,0.287409596,4.792963846
0.367785988,0.058091952,0.111512212,1.300548967
0.515861903,0.267592677,0.835480226,6.117775817
0.014693389,0.379094049,0.337345547,2.836116483
0.019327631,0.124368399,0.413642675,2.557165849
0.492864584,0.404289747,0.530937678,4.897417518
0.595131675,0.009923821,0.464095159,3.467194991
0.963499241,0.51903228,0.677542267,6.894706299
0.311863858,0.773991378,0.772921482,6.624519115
0.521296048,0.976013823,0.125550215,4.658709389
0.016947665,0.770158212,0.807155537,6.409963498
0.120207229,0.265582833,0.017552363,1.188790791
0.293308611,0.773141874,0.517960528,5.601657314
0.348095593,0.371739295,0.001353626,1.854939184
0.299800528,0.646458742,0.974194444,7.424758441
0.847060827,0.023594965,0.898560605,6.169602738
0.783198413,0.780376124,0.457995759,6.126281916
0.398005293,0.302915729,0.065694859,2.151905529
0.228235363,0.246603635,0.48407707,3.760300521
0.747444407,0.473809828,0.057844449,3.181729502
0.957789801,0.942724319,0.785189543,8.67430055
0.991327902,0.544482333,0.96276835,8.339483115
0.075605041,0.365680748,0.225381268,2.492434351
0.195833084,0.140802949,0.622413642,3.992684905
0.781321856,0.578298399,0.14696271,4.226474201
0.81112377,0.635954707,0.388165706,5.383107884
0.674130296,0.259904979,0.345192208,3.816135781
0.917485843,0.290504506,0.469988268,5.079571136
0.890141137,0.70772135,0.062203226,4.27911141
0.147303044,0.007841591,0.63092179,3.451173048
0.447673425,0.134274851,0.957934121,6.0005459
0.529659724,0.241893294,0.500603571,4.376157939
0.679620333,0.076239218,0.274703815,3.033590931
0.806965491,0.45966487,0.546577142,5.634183893
0.432816002,0.043899943,0.16574978,1.961625012
0.445541639,0.209185465,0.049979029,1.885554688
0.843649664,0.981192529,0.793142874,8.610020935
0.853784922,0.24197713,0.960626976,7.244595898
0.196925704,0.95142981,0.994819294,8.277643087
0.711722806,0.981143732,0.56953978,7.128405398
0.259541783,0.436995886,0.593560935,4.800879048
0.073081562,0.622343265,0.981177837,6.703843747
0.19010765,0.792595116,0.907898794,7.385140182
0.943701593,0.960135604,0.521459639,7.21895887
0.977307908,0.757310207,0.161671436,5.185245601
0.476900106,0.718331175,0.247340316,4.312483309
0.640615184,0.666600479,0.162699744,4.073363825
0.565085312,0.771626911,0.498895665,5.87675629
0.012103117,0.009038469,0.357029344,1.807664473
0.926194068,0.22867678,0.634363689,5.852090055
0.222075871,0.32166999,0.84804209,5.400591293
0.728861442,0.095399277,0.428702021,4.01512736
0.029169764,0.480890147,0.662434012,4.846982374
0.118502624,0.288884939,0.397836626,2.972141027
0.919531025,0.993255015,0.044911299,4.935852351
0.761007923,0.371724066,0.392458186,4.76711828
0.754264973,0.918426432,0.950928595,8.923901528
0.577122586,0.357121159,0.787549086,6.048019028
0.251001383,0.564074029,0.358578462,4.100848615
0.656631074,0.240398913,0.191592946,3.026278902
0.918239087,0.101803683,0.505957908,4.577886203
0.220852783,0.038929963,0.036018818,0.760252045
0.175221772,0.866770355,0.282478744,4.260573059
0.950459171,0.581622293,0.43661419,5.938938309
0.580088835,0.516698385,0.758776254,6.61029119
0.282496066,0.353050392,0.894094303,6.147815439
0.946456513,0.892558227,0.419447994,6.703993785
0.780365503,0.476335733,0.497539852,5.653556279
0.204680109,0.591130303,0.186135898,3.113399249
0.331564699,0.855030202,0.207075809,4.145411637
0.071158285,0.069007593,0.940784521,5.098209342
0.506920438,0.409412072,0.810878581,6.505074701
0.835825928,0.332191033,0.693618057,6.034839293
0.771122816,0.654650687,0.151595075,4.22802679
0.875883084,0.539094553,0.282472426,4.823056561
0.425228185,0.03757109,0.127866801,1.597113163
0.765546751,1.16E-05,0.416565828,3.51572719
0.522510181,0.05463442,0.973078163,6.186500223
0.226125331,0.30419872,0.303942512,3.116563455
0.230416662,0.001473822,0.729344794,4.131591907
0.9668455,0.224293483,0.663047192,5.831400579
0.741896327,0.848425379,0.422629197,5.987318724
0.302930906,0.325295134,0.712621333,5.170651477
0.816779467,0.181613968,0.370941008,4.143493611
0.901940197,0.80669352,0.984858403,9.195769741
0.75424826,0.393195201,0.590637834,5.641030908
0.661014254,0.078455816,0.544496959,4.220953588
0.709320828,0.167321304,0.780631717,5.714547793
0.583772781,0.952221786,0.042422298,4.319797542
0.265326138,0.601553879,0.296559912,3.909490636
0.714424164,0.759005283,0.102515964,4.063871017
0.513854464,0.508890556,0.36928077,4.559768344
0.932924863,0.82750632,0.697209382,7.891822716
0.714326636,0.461716144,0.920994521,7.558733773
0.694595427,0.728981062,0.861690904,7.750375784
0.274071589,0.807070904,0.195240603,3.80897649
0.345341952,0.335610454,0.978525468,6.575245678
0.856537224,0.701169862,0.727056762,7.502146283
0.562072794,0.947090667,0.496258753,6.626347437
0.38051771,0.163035337,0.786205652,5.251777583
0.734443932,0.384355039,0.025193414,2.723651922
0.838997328,0.011417983,0.70369978,5.128110583
0.97025711,0.437661328,0.234973405,4.551365286
0.70487101,0.817128142,0.546430316,6.496807484
0.967035275,0.051668722,0.504795598,4.775901562
0.718453947,0.862640471,0.179255612,4.892668903
0.800003482,0.552707076,0.396553682,5.399954808
0.131715029,0.865295759,0.157273208,3.713576504
0.309787859,0.290045532,0.871414034,5.833082936
