Feature_1,Feature_2,Feature_3,Feature_4,Feature_5,Label
0.548813504,0.715189366,0.602763376,0.544883183,0.423654799,1
0.645894113,0.437587211,0.891773001,0.963662761,0.383441519,1
0.791725038,0.52889492,0.568044561,0.925596638,0.071036058,1
0.0871293,0.020218397,0.832619846,0.778156751,0.870012148,0
0.978618342,0.799158564,0.461479362,0.780529176,0.118274426,0
0.639921021,0.143353287,0.944668917,0.521848322,0.41466194,0
0.264555612,0.774233689,0.456150332,0.568433949,0.0187898,0
0.617635497,0.612095723,0.616933997,0.943748079,0.681820299,0
0.359507901,0.437031954,0.697631196,0.060225472,0.666766715,0
0.67063787,0.210382561,0.128926298,0.315428351,0.363710771,1
0.57019677,0.438601513,0.988373838,0.102044811,0.208876756,1
0.161309518,0.653108325,0.253291603,0.466310773,0.244425592,0
0.158969584,0.110375141,0.656329589,0.138182951,0.196582362,1
0.368725171,0.82099323,0.097101276,0.837944907,0.096098408,1
0.976459465,0.468651202,0.976761088,0.60484552,0.739263579,1
0.039187792,0.282806963,0.120196561,0.296140198,0.118727719,0
0.317983179,0.414262995,0.064147496,0.692472119,0.566601454,1
0.265389491,0.523248053,0.093940511,0.575946496,0.929296198,1
0.318568952,0.66741038,0.131797862,0.716327204,0.289406093,0
0.183191362,0.586512935,0.020107546,0.828940029,0.004695476,1
0.677816537,0.270007973,0.735194022,0.962188545,0.248753144,1
0.576157334,0.592041931,0.572251906,0.223081633,0.952749012,1
0.447125379,0.846408672,0.699479275,0.297436951,0.81379782,0
0.396505741,0.881103197,0.581272873,0.881735362,0.69253159,1
0.72525428,0.501324382,0.956083635,0.643990199,0.423855049,0
0.606393214,0.019193198,0.301574817,0.660173537,0.290077607,1
0.618015429,0.428768701,0.135474064,0.298282326,0.569964911,0
0.590872761,0.574325249,0.65320082,0.65210327,0.431418435,0
0.896546596,0.36756187,0.435864925,0.891923355,0.806193989,0
0.703888584,0.100226887,0.919482614,0.7142413,0.998847007,0
0.149448305,0.868126057,0.162492935,0.615559564,0.123819983,0
0.848008229,0.807318959,0.569100739,0.407183297,0.069166995,1
0.697428773,0.453542683,0.722055599,0.866382326,0.975521505,0
0.855803342,0.011714084,0.359978064,0.729990562,0.171629677,1
0.521036606,0.054337988,0.199996525,0.018521794,0.793697703,0
0.223924688,0.345351681,0.928081293,0.704414402,0.03183893,0
0.164694156,0.621478401,0.577228589,0.237892821,0.934213998,0
0.613965956,0.535632803,0.589909976,0.73012203,0.311944995,0
0.398221062,0.209843749,0.186193006,0.94437239,0.739550795,1
0.490458809,0.227414628,0.254356482,0.05802916,0.434416626,0
0.311795882,0.696343489,0.377751839,0.179603678,0.024678728,1
0.067249631,0.679392773,0.453696845,0.536579211,0.896671293,1
0.990338947,0.216896984,0.663078203,0.263322377,0.020650999,0
0.758378654,0.320017151,0.383463894,0.588317114,0.831048455,1
0.628981844,0.872650655,0.273542035,0.798046834,0.185635944,0
0.952791657,0.687488276,0.215507677,0.94737059,0.730855807,1
0.253941643,0.213311977,0.518200714,0.025662718,0.207470075,0
0.424685469,0.37416998,0.463575424,0.277628706,0.586784346,1
0.863855606,0.117531856,0.517379107,0.132068106,0.716859681,1
0.396059703,0.565421312,0.183279836,0.144847759,0.488056281,0
0.355612738,0.940431945,0.765325254,0.74866362,0.90371974,0
0.083422435,0.55219247,0.584476069,0.961936379,0.292147527,1
0.24082878,0.100293942,0.01642963,0.929529317,0.669916547,0
0.785152912,0.281730106,0.586410166,0.063955266,0.485627596,0
0.97749514,0.876505245,0.338158952,0.961570155,0.231701626,1
0.949318822,0.941377705,0.799202587,0.630447937,0.874287967,1
0.293020285,0.848943555,0.617876692,0.013236858,0.347233518,1
0.148140861,0.98182939,0.478370307,0.497391365,0.639472516,0
0.368584606,0.136900272,0.822117733,0.189847912,0.511318983,1
0.224317029,0.097844484,0.862191517,0.972919489,0.960834658,1
0.906555499,0.774047333,0.333145152,0.08110139,0.407241171,0
0.232234142,0.132487635,0.053427182,0.725594364,0.011427459,0
0.770580749,0.146946645,0.079522083,0.089603034,0.672047807,0
0.24536721,0.420539467,0.557368791,0.860551174,0.727044263,0
0.270327905,0.131482799,0.05537432,0.301598634,0.262118149,0
0.456140567,0.683281336,0.695625446,0.283518847,0.379926956,1
0.181150962,0.788545512,0.056848076,0.696997242,0.778695396,0
0.777407562,0.259422564,0.373813138,0.587599635,0.272821902,1
0.370852799,0.19705428,0.459855884,0.044612301,0.799795885,0
0.076956447,0.518835149,0.3068101,0.577542949,0.959433341,0
0.645570244,0.035362436,0.43040244,0.510016852,0.536177495,0
0.681392511,0.277596098,0.128860565,0.392675677,0.956405723,1
0.187130892,0.903983955,0.54380595,0.456911422,0.88204141,1
0.458603962,0.724167637,0.399025322,0.904044393,0.69002502,1
0.699622054,0.327720402,0.756778643,0.636061055,0.240020273,0
0.160538822,0.796391475,0.959166603,0.458138827,0.590984165,1
0.857722644,0.457223453,0.951874477,0.575751162,0.820767121,1
0.908843718,0.815523819,0.159414463,0.628898439,0.398434259,0
0.062712952,0.424032252,0.258684067,0.849038308,0.033304627,0
0.958982722,0.355368848,0.35670689,0.016328503,0.185232325,1
0.401259501,0.929291417,0.09961493,0.945301533,0.869488531,0
0.454162397,0.326700882,0.232744129,0.614464706,0.033074591,0
0.015606064,0.428795722,0.068074074,0.251940988,0.221160915,0
0.253191194,0.131055231,0.012036223,0.115484297,0.61848026,1
0.974256213,0.990345002,0.409054095,0.162954426,0.638761757,0
0.490305347,0.989409777,0.065304207,0.783234438,0.288398497,1
0.24141862,0.662504572,0.246063185,0.665859118,0.517308517,1
0.424088988,0.554687809,0.28705152,0.706574706,0.414856869,0
0.36054556,0.828656915,0.924966912,0.046007311,0.232626993,0
0.348519369,0.814966479,0.985491428,0.968971705,0.904948346,0
0.296556265,0.992011243,0.249420041,0.105906155,0.950952611,1
0.233420255,0.689768265,0.058356359,0.730709099,0.881720212,1
0.272436895,0.379056896,0.374296183,0.748788258,0.237807243,0
0.171853099,0.449291649,0.304468407,0.839189122,0.237741826,0
0.502389457,0.9425836,0.633997698,0.867289405,0.940209689,0
0.750764862,0.69957506,0.967965567,0.99440079,0.451821683,1
0.070869778,0.292794031,0.152354706,0.417486375,0.131289328,1
0.604117804,0.382808059,0.895385884,0.967794672,0.546884902,1
0.27482357,0.592230419,0.896761158,0.406733346,0.552078277,0
0.271652768,0.455444149,0.401713535,0.248413465,0.505866384,1
0.310380826,0.373034864,0.524970442,0.750595023,0.333507466,0
0.924158767,0.862318547,0.048690296,0.253642524,0.446135513,0
0.104627889,0.348475989,0.740097526,0.680514481,0.622384429,0
0.710528403,0.204923687,0.341698115,0.676242482,0.879234763,1
0.543678054,0.282699651,0.030235258,0.710336829,0.007884104,0
0.37267907,0.530537215,0.922111462,0.089494545,0.405942322,0
0.0243132,0.342610984,0.622231059,0.279067948,0.20974995,1
0.115703233,0.577140244,0.695270006,0.671957141,0.948861021,0
0.002703214,0.647196654,0.600392237,0.58873961,0.96277032,0
0.016871673,0.696482431,0.81367865,0.509807197,0.33396487,1
0.790840163,0.097242926,0.442035638,0.519952375,0.693956411,0
0.090885732,0.227759502,0.410301563,0.623294673,0.886960781,1
0.618826168,0.133461471,0.980580133,0.871785735,0.502720761,0
0.922347982,0.541380794,0.923306068,0.829897369,0.96828641,0
0.919782811,0.036033817,0.174772004,0.389134677,0.952142697,0
0.300028919,0.160467644,0.886304666,0.446394415,0.907875594,1
0.160230466,0.661117512,0.440263753,0.076486769,0.696463145,1
0.247398756,0.039615523,0.059944298,0.061078537,0.907732957,1
0.739883918,0.898062357,0.672582311,0.528939929,0.304446364,0
0.997962251,0.362189059,0.470648949,0.378245175,0.979526929,0
0.174658385,0.327988001,0.680348666,0.063207618,0.607249374,1
0.477646503,0.283999977,0.238413281,0.514512743,0.367927581,0
0.456519891,0.337477382,0.970493694,0.133439432,0.096803953,1
0.343391729,0.591026901,0.659176472,0.397256747,0.999277994,1
0.351892996,0.721406668,0.637582695,0.813053863,0.976225663,1
0.889793656,0.764561974,0.698248478,0.33549817,0.147685578,1
0.062636003,0.241901704,0.432281481,0.521996274,0.773083554,0
0.958740923,0.11732048,0.10700414,0.589694723,0.745398074,0
0.84815038,0.93583208,0.983426242,0.399801692,0.380335184,1
0.147808677,0.684934439,0.656761958,0.862062596,0.097257995,0
0.497776908,0.58108193,0.24155704,0.169025406,0.859580836,1
0.058534922,0.470620904,0.115834001,0.457058761,0.979962326,0
0.423706353,0.857124918,0.117315564,0.271252077,0.403792741,0
0.39981214,0.671383479,0.344718127,0.713766868,0.639186899,0
0.399161145,0.431760128,0.6145277,0.07004219,0.822406738,0
0.653421161,0.726342464,0.536923001,0.110477111,0.405035613,1
0.405373583,0.32104299,0.029950325,0.737254243,0.109784458,0
0.606308133,0.703217496,0.634786323,0.959142252,0.103298155,1
0.867167159,0.029190235,0.534916855,0.404243618,0.52418386,1
0.365099877,0.190566915,0.019122897,0.518149814,0.842776863,1
0.373215956,0.222863818,0.080532003,0.085310923,0.221396446,0
0.100014061,0.265039698,0.066149462,0.065604867,0.85627618,1
0.162120261,0.559682406,0.773455544,0.456409565,0.153368878,1
0.199596142,0.432984206,0.528234089,0.349440292,0.7814796,1
0.751021649,0.927211807,0.028952549,0.895691291,0.392568788,0
0.878372495,0.690784776,0.987348757,0.759282452,0.364544626,0
0.501063173,0.376389155,0.364911836,0.260904499,0.495970295,1
0.681739945,0.277340271,0.524379811,0.117380294,0.159845287,0
0.046806355,0.970731443,0.003860352,0.178579968,0.612866753,1
0.081369599,0.881896503,0.719620158,0.966389971,0.507635547,1
0.300403683,0.549500573,0.930818717,0.520761437,0.267207032,0
0.877398789,0.371918749,0.00138335,0.247685022,0.318233509,0
0.858777468,0.458503167,0.444587288,0.336102266,0.880678123,1
0.945026777,0.991890329,0.376741267,0.966147446,0.79187957,0
0.675689148,0.244889479,0.216457261,0.166047825,0.92275661,1
0.294076662,0.453094245,0.493957834,0.778171595,0.844234962,1
0.139072701,0.42690436,0.842854888,0.818033306,0.102413758,1
0.156383349,0.304198692,0.075359069,0.424663003,0.107617705,0
0.568217594,0.24655694,0.596433065,0.117525643,0.975883868,0
0.932561204,0.391796939,0.242178594,0.250398213,0.483393535,1
0.039992802,0.639705106,0.408302908,0.377406573,0.809364971,1
0.70903546,0.954333815,0.35193624,0.897542765,0.769967186,1
0.357424652,0.621665436,0.288569958,0.874399917,0.112427317,1
0.212434361,0.183033292,0.403026002,0.74523296,0.526907449,1
0.487676324,0.000545965,0.425401725,0.063553775,0.208253252,1
0.932393939,0.215398204,0.858337639,0.802893372,0.159146237,0
0.605711957,0.115661872,0.727888158,0.637462277,0.811938562,0
0.479384549,0.914863088,0.049348947,0.292888565,0.715052597,1
0.418109212,0.172951354,0.107210745,0.817339111,0.473142978,1
0.882283672,0.733289134,0.409726206,0.373511014,0.515638347,1
0.889059953,0.73727858,0.005152964,0.694157851,0.919507407,1
0.71045576,0.177005782,0.483518127,0.140316018,0.358995278,0
0.937117042,0.923305308,0.282836852,0.339631044,0.600212868,1
0.963197295,0.147801334,0.256916644,0.873556827,0.491892232,0
0.898961092,0.185517898,0.532668587,0.326269633,0.31654256,1
0.446876964,0.433077449,0.35734688,0.91497077,0.731744185,0
0.727546991,0.28991345,0.577709424,0.779179433,0.795590369,1
0.344530461,0.770872757,0.735893897,0.141506486,0.865945469,1
0.44132147,0.486410449,0.448369179,0.567846001,0.621169247,1
0.498179566,0.866788543,0.627734756,0.401427949,0.416691757,1
0.810838615,0.348191943,0.211454796,0.059383188,0.876026848,1
0.918546451,0.120120182,0.334473741,0.17537207,0.115898469,1
0.899866743,0.056877259,0.980485663,0.096450861,0.863470649,0
0.566506107,0.367917488,0.342342377,0.757364143,0.314573295,1
0.657318917,0.517326084,0.484965645,0.901162171,0.554645059,1
0.826861603,0.725573534,0.038557246,0.773110053,0.21687025,1
0.903149647,0.042924191,0.333072034,0.099732947,0.475589117,0
0.820022436,0.29818736,0.150934897,0.330267036,0.813880142,1
0.140383958,0.227362449,0.068851964,0.705710044,0.395233244,0
0.310839977,0.71862639,0.335977542,0.727771273,0.815199395,1
0.217662843,0.973818697,0.162357948,0.290840907,0.179795291,0
0.345505656,0.480060888,0.522175869,0.853606042,0.889447909,0
0.220103861,0.622894032,0.111496057,0.45896986,0.322333538,0
0.316500745,0.482584242,0.729827636,0.069182659,0.879173338,1
0.734813775,0.176499389,0.939160909,0.506312224,0.999808578,0
0.197259474,0.534908198,0.290248043,0.304173557,0.591065381,0
0.921719067,0.805263856,0.723941399,0.559173782,0.922298504,0
0.492361407,0.873832178,0.833981644,0.213835347,0.771225463,0
0.012171157,0.322829538,0.229567445,0.506862958,0.736853162,0
0.097676367,0.514922202,0.938412022,0.228646551,0.677141144,1
0.592880271,0.010063696,0.475826196,0.708770391,0.043975432,0
0.879521483,0.520081417,0.030661048,0.224413612,0.953675696,1
0.582319733,0.107472568,0.287544502,0.456703626,0.020950069,1
0.411615514,0.489458635,0.243677875,0.588639,0.75324012,1
0.235834224,0.6204999,0.639622243,0.948540301,0.778276167,1
0.84834527,0.490419908,0.185348587,0.995815293,0.129355761,0
0.471457319,0.068093099,0.943850857,0.964924941,0.719389062,1
0.349992844,0.254382401,0.265303325,0.127294025,0.525808953,1
0.141817276,0.316730667,0.626706476,0.72754361,0.024272705,0
0.430115984,0.652124595,0.853245976,0.475324782,0.969205872,0
0.265632548,0.013508707,0.483752865,0.256113795,0.823717672,1
0.232772672,0.310629218,0.791227431,0.715143252,0.558051237,0
0.704948062,0.418636864,0.005310048,0.011355129,0.511221788,1
0.08329098,0.05107548,0.965516639,0.85900264,0.152027227,1
0.000664219,0.941667795,0.278325298,0.185897603,0.691508108,0
0.108903739,0.264649598,0.97509468,0.639462774,0.520677791,0
0.397918615,0.774500955,0.140957477,0.967337802,0.861123008,0
0.617656983,0.04290619,0.700855649,0.913284341,0.524577067,0
0.354224822,0.120277345,0.754901104,0.885021851,0.100251744,1
0.758984555,0.017060486,0.967054918,0.615058021,0.552439059,1
0.295949834,0.929291672,0.265905627,0.828146613,0.985108679,0
0.783396646,0.51898992,0.066074264,0.472413789,0.438255947,0
0.202796041,0.423587637,0.357757884,0.163684261,0.441374143,1
0.262799956,0.522062421,0.03516006,0.90623142,0.816364306,1
0.552581333,0.851808583,0.962395074,0.110522294,0.630831808,1
0.997994001,0.987889169,0.603322992,0.12802087,0.583192831,0
0.002064636,0.198911335,0.95612316,0.330440573,0.638390106,0
0.280859495,0.947821887,0.72855873,0.329651158,0.791761421,0
0.108165524,0.39231894,0.221218128,0.683726447,0.102446282,0
0.397025832,0.27664973,0.506342919,0.349897681,0.706410578,1
0.024577024,0.633986921,0.23057129,0.268709029,0.800255604,0
0.955568394,0.31655021,0.82680527,0.103990838,0.633981653,1
0.7510323,0.155977928,0.426002388,0.892707164,0.103578463,1
0.018096358,0.590585379,0.435531541,0.798689249,0.923455538,0
0.299153645,0.388404117,0.486272086,0.58815146,0.98385383,0
0.697330251,0.389548507,0.263767686,0.944625718,0.135548433,0
0.720265853,0.925395025,0.664665587,0.42305444,0.19899094,1
0.367475322,0.706871809,0.649534224,0.927976167,0.866860914,0
0.816150752,0.911450875,0.276337153,0.36952354,0.379893904,1
0.560450589,0.66821823,0.286716683,0.019462467,0.399222384,1
0.30852796,0.942184719,0.888265041,0.860310678,0.652999761,0
0.344289165,0.548849267,0.815225041,0.098610369,0.80107488,0
0.041179791,0.816421031,0.807563804,0.051007309,0.627160711,0
0.502453074,0.169819503,0.148378938,0.773259126,0.567692749,1
0.982999135,0.982247777,0.992666993,0.118615518,0.938256137,0
0.244569609,0.45821226,0.757406556,0.203620932,0.566311606,1
0.185816748,0.104736107,0.116558612,0.357639035,0.004654837,0
0.424853921,0.664197105,0.401688185,0.085794601,0.062688862,1
0.278116513,0.169312691,0.965094973,0.151230225,0.805462437,1
0.586107942,0.56928692,0.512080716,0.971763076,0.363844775,1
0.787915751,0.555294107,0.395633668,0.955465933,0.598315969,0
0.118916942,0.417539201,0.781581728,0.693747023,0.91634033,0
0.259377384,0.758193716,0.459875207,0.573609747,0.955046681,1
0.97928632,0.861590964,0.359097088,0.887700836,0.638609178,1
0.42999678,0.035742683,0.770128124,0.502105581,0.786188499,1
0.748022799,0.793567368,0.300651159,0.800798599,0.548846328,1
0.4733262,0.675125914,0.021358683,0.102316816,0.292177365,1
0.98299011,0.139745779,0.330596301,0.051053065,0.33126888,1
0.320326287,0.946807171,0.845154087,0.382764219,0.024769058,1
0.831031114,0.660536177,0.152364484,0.996071271,0.100233437,1
0.867114542,0.294266164,0.435353466,0.795456527,0.677508356,1
0.937864374,0.621140325,0.097810161,0.884360363,0.769155525,0
0.711870451,0.053733547,0.396222745,0.167435819,0.821903908,0
0.700528623,0.883077597,0.966575107,0.774747614,0.994233083,0
0.614769886,0.037129604,0.014251515,0.342103875,0.823471719,0
0.866134706,0.960812529,0.065121469,0.044571111,0.913283596,1
0.305046698,0.557987401,0.982444883,0.400448535,0.665871398,0
0.400879564,0.768194664,0.527714726,0.237523138,0.271306101,0
0.258059213,0.532320328,0.703189016,0.9492799,0.694087375,0
0.781192844,0.168926116,0.374062625,0.41378022,0.68638023,0
0.295891976,0.303291921,0.355889155,0.810302082,0.57759009,1
0.07527728,0.0782461,0.371286944,0.766591051,0.688683426,0
0.707982355,0.767210066,0.287152713,0.548256282,0.54335264,1
0.739632501,0.956870569,0.277989945,0.793281673,0.659970549,1
0.580237871,0.774879779,0.944032466,0.036691418,0.147400103,0
0.756287232,0.083791353,0.516123701,0.219860777,0.274295704,1
0.701840483,0.030192773,0.873319428,0.444478955,0.502393294,1
0.540047964,0.645544295,0.344856587,0.101107491,0.318378937,1
0.168142118,0.556133179,0.318028631,0.958067178,0.965734278,0
0.620125881,0.617497268,0.985378565,0.887283151,0.765069949,1
0.313590612,0.365539028,0.201266766,0.487148127,0.990368522,0
0.912150953,0.118349434,0.025190289,0.898637668,0.537170128,1
0.200189888,0.67365327,0.644223178,0.122085607,0.259600233,0
0.060077964,0.209860474,0.132305675,0.193236292,0.685467146,0
0.049499744,0.101854615,0.134173638,0.316541121,0.298750311,0
0.255063785,0.750536653,0.998022788,0.533977924,0.944202718,0
0.396610112,0.106682447,0.408773829,0.296127773,0.493406962,0
0.657043677,0.461050219,0.935160512,0.884764822,0.701977595,1
0.489684912,0.131687282,0.397013667,0.704401539,0.284885521,0
0.103988078,0.907898458,0.70905081,0.615276427,0.792498906,1
0.835646038,0.483458998,0.881188251,0.916419011,0.271551095,0
0.60754536,0.526584029,0.537945779,0.937663094,0.305188703,0
0.983433978,0.902131215,0.458722889,0.817453264,0.769046994,1
0.67789497,0.319833889,0.196450992,0.671527697,0.842973296,0
0.016252789,0.642803375,0.442873025,0.898087755,0.321472931,1
0.474184812,0.514767104,0.140439521,0.712892303,0.830476345,1
0.057909277,0.291388821,0.038044682,0.956544105,0.667168821,0
0.964200419,0.531494278,0.802068524,0.374413984,0.353819033,0
0.378267817,0.657862134,0.359453151,0.900367452,0.983274865,1
0.030426515,0.19362329,0.112249993,0.042364047,0.227740993,1
0.44679332,0.836990365,0.221824031,0.493945256,0.929618739,0
0.667214707,0.79807902,0.55099397,0.980466459,0.588662155,1
0.045510714,0.1979828,0.404773629,0.601277173,0.771930867,1
0.413086126,0.710058305,0.789869503,0.317260197,0.97927024,0
0.649656495,0.880998061,0.555937689,0.741603107,0.770544062,0
0.908248379,0.150349757,0.558283424,0.428378513,0.923159021,1
0.105094694,0.982573889,0.875451324,0.073826282,0.490966386,0
0.7175595,0.738151546,0.906494125,0.799865436,0.31093038,1
0.498434786,0.701785763,0.138436841,0.193990798,0.481042448,0
0.298245799,0.86255925,0.586277322,0.348665198,0.848833026,1
0.804878449,0.998354877,0.847307688,0.414456535,0.127498882,1
0.840640908,0.059757918,0.350271207,0.919737981,0.960766473,1
0.640564594,0.688648317,0.042454489,0.514480341,0.546868179,0
0.340100746,0.068596835,0.2289076,0.357983937,0.435141987,0
0.590926726,0.722391519,0.317631873,0.32895376,0.019691643,1
0.04087486,0.257821694,0.740244998,0.62831383,0.769789021,0
0.768919436,0.856567468,0.720319266,0.979010919,0.898825219,0
0.586717166,0.58815767,0.03426704,0.998526578,0.131575997,0
0.740347197,0.821015195,0.373054529,0.196852055,0.098759887,1
0.748606006,0.452653529,0.713717759,0.915407649,0.146583736,1
0.919171001,0.41162646,0.30526701,0.943062261,0.990651693,1
0.198892218,0.656838347,0.106495314,0.650914004,0.827313228,1
0.684498547,0.417333142,0.38306636,0.393122415,0.589711818,0
0.88156727,0.929066157,0.05352962,0.181622395,0.112224316,0
0.193334641,0.346607811,0.506531683,0.629461227,0.732142219,1
0.890111541,0.989088437,0.662856479,0.845364519,0.778038847,1
0.307532039,0.87569227,0.042763138,0.000367344,0.273732629,1
0.46209753,0.638362895,0.101770267,0.673010134,0.801815867,0
0.18531292,0.415125255,0.51998499,0.451807018,0.799829931,0
0.960522398,0.798953164,0.077992818,0.804935572,0.066596332,1
0.235970385,0.153096897,0.197519107,0.528315127,0.671689858,1
0.470321282,0.959695639,0.24029232,0.76314023,0.870182179,1
0.562066111,0.456222502,0.596184447,0.42880977,0.555193882,0
0.416933952,0.40046971,0.695346468,0.092851213,0.166542073,0
0.851198472,0.771077347,0.281453727,0.377268933,0.926026507,0
0.818077225,0.6143463,0.221490179,0.044251971,0.431257847,0
0.672627139,0.828480491,0.852689006,0.032775901,0.244157034,1
0.339094588,0.188732211,0.802975378,0.767465763,0.51683304,0
0.982926478,0.144058541,0.899651703,0.116463254,0.163181706,1
0.6962192,0.109569692,0.565845095,0.420233536,0.728473966,1
0.900675239,0.769871515,0.849689876,0.032945449,0.310195498,1
0.515433087,0.415953315,0.231254953,0.307874098,0.94543097,0
0.29418088,0.35390411,0.003709774,0.845077627,0.154840703,1
0.204144276,0.255264517,0.884622057,0.206451411,0.797526361,0
0.80804934,0.927020569,0.115561314,0.217278972,0.742898292,1
0.196000754,0.286329547,0.16674158,0.172696686,0.481553355,1
0.109683062,0.321697618,0.42659391,0.024548117,0.388333166,1
0.094122436,0.493578531,0.825738189,0.818422162,0.080448516,0
0.601227758,0.834586382,0.237972543,0.761926511,0.890764346,0
0.806124151,0.107301032,0.00906,0.19172411,0.270477341,0
0.616182991,0.384273175,0.703407031,0.353074961,0.154425425,1
0.312689843,0.884324226,0.958532344,0.207512734,0.788468387,0
0.273348737,0.887131543,0.165545613,0.665959919,0.084211265,1
0.973893324,0.700633345,0.841815739,0.566669339,0.476801364,0
0.621882391,0.528741512,0.469384355,0.759450251,0.178200955,1
0.171172048,0.431842651,0.320747916,0.074124518,0.844470492,1
0.771602807,0.5439215,0.979324537,0.072600067,0.766669301,0
0.266370392,0.36859892,0.219279385,0.789037891,0.144240102,0
0.840016698,0.661577648,0.059023245,0.810981732,0.627755716,1
0.90498232,0.748722306,0.561120927,0.836547181,0.278050238,1
0.546950062,0.29361682,0.968204391,0.226196301,0.01573824,0
0.325854842,0.502509397,0.028362934,0.5592483,0.874282775,1
0.704732194,0.622968323,0.955961751,0.958279334,0.82426647,0
0.607741847,0.487764559,0.013316113,0.606261906,0.989088075,1
0.81810105,0.340604644,0.152047025,0.784058614,0.743937821,0
0.967046792,0.874842362,0.555662625,0.101284247,0.483500658,1
0.313695054,0.512408482,0.301701575,0.861822992,0.844327014,0
0.315465157,0.599581346,0.430180858,0.909092757,0.187360901,1
0.697728402,0.970375328,0.17527552,0.201966428,0.693723339,0
0.779153925,0.490549055,0.609686465,0.212682409,0.476614229,0
0.112071881,0.321421925,0.284779705,0.44462536,0.930126362,0
0.181267662,0.401388247,0.615597219,0.946557086,0.133148192,1
0.917876617,0.081053789,0.480741397,0.454589867,0.209602729,0
0.347459668,0.454165268,0.865211463,0.955064145,0.518925679,0
0.87009979,0.608171586,0.349087342,0.194194208,0.413134772,0
0.522824283,0.044443388,0.145841166,0.600184424,0.225001595,1
0.837326376,0.32694225,0.104834207,0.083530589,0.937123021,0
0.118020311,0.140909764,0.862666058,0.25428813,0.665951411,0
0.816725687,0.60718064,0.957488543,0.708882899,0.11275151,0
0.558410027,0.718186526,0.80195724,0.026321335,0.718878915,0
0.825680821,0.746833811,0.512349146,0.458020963,0.549418583,1
0.704643699,0.922914291,0.617035211,0.887834306,0.701256847,0
0.068336377,0.50082819,0.286486348,0.285174928,0.355927551,0
0.314732772,0.57860998,0.6836015,0.268749387,0.129762623,1
0.058808721,0.575752845,0.186130166,0.009247994,0.927753079,0
0.537140419,0.09244818,0.842921112,0.983202738,0.448600662,0
0.042489608,0.117545941,0.381653747,0.885522637,0.148038679,0
0.823990094,0.01497626,0.457388699,0.644397141,0.060379482,1
0.614762751,0.944404121,0.16025992,0.729611383,0.609093898,1
0.185116389,0.006203415,0.009284451,0.532092409,0.94277941,1
0.644298627,0.714299846,0.493865487,0.581888943,0.126367525,1
0.87682062,0.760792629,0.998198953,0.297722948,0.227017772,0
0.125161658,0.964209757,0.780885185,0.166324614,0.552686471,1
0.413768208,0.151486008,0.162072985,0.963469995,0.304964183,0
0.941439292,0.075610673,0.460803042,0.129619049,0.004787385,0
0.553766074,0.113894105,0.722024531,0.698116376,0.176332907,0
0.941742143,0.721043408,0.297970264,0.709233764,0.731930278,1
0.342226331,0.375588562,0.359106508,0.616618444,0.900410147,0
0.173193236,0.87519961,0.027653157,0.660338596,0.414438873,1
0.791281552,0.721198113,0.480107807,0.643864037,0.501773131,0
0.811518471,0.476083986,0.52315599,0.250520586,0.605043017,0
0.302904809,0.577284015,0.169678116,0.159469092,0.417029741,0
0.426819515,0.268109265,0.13159685,0.039210539,0.025231827,1
0.27155029,0.461853442,0.726243281,0.474871701,0.904050819,0
0.035219805,0.180660622,0.338514493,0.577496188,0.852736158,0
0.350201952,0.267988683,0.061889169,0.821303478,0.379666443,1
0.571550195,0.983555418,0.001594571,0.145450141,0.779110994,0
0.805127485,0.769247119,0.536998891,0.978856981,0.39618456,0
0.601943698,0.063369005,0.40985745,0.722500088,0.238738841,0
0.943827589,0.686783368,0.287575383,0.768998923,0.083164772,1
0.974774423,0.049285259,0.933455891,0.252853878,0.757824108,0
7.37E-05,0.254240089,0.749100607,0.532336071,0.11495215,0
0.393629746,0.375549355,0.568162244,0.667977072,0.840830242,0
0.497231397,0.392021717,0.143976534,0.804822965,0.713370405,1
0.408677397,0.51843231,0.665182844,0.16480559,0.027197794,0
0.317503699,0.59558502,0.486606091,0.692554627,0.819689806,1
0.488442467,0.134267024,0.850628,0.574990327,0.739937481,0
0.704664654,0.968211771,0.295307322,0.705306773,0.365676333,0
0.395410721,0.230594637,0.344010176,0.948296752,0.292570847,0
0.245990606,0.583137978,0.258035957,0.473385726,0.834176257,1
0.230400314,0.426691412,0.610489735,0.545628925,0.974723237,1
0.680370254,0.739946242,0.966955948,0.414438025,0.355379815,0
0.04386243,0.184204307,0.237189632,0.183504467,0.754783893,1
0.535882981,0.667633801,0.820462161,0.230773941,0.32592394,0
0.708360267,0.392758946,0.02927094,0.434955219,0.908273086,1
0.409021512,0.332248916,0.989525083,0.644415564,0.365998026,1
0.102019531,0.787849445,0.708074933,0.921915799,0.21727563,0
0.11492435,0.724072526,0.203395842,0.176103838,0.319807335,0
0.816825141,0.539536605,0.045850355,0.463894675,0.683979611,1
0.538368438,0.572450218,0.224777328,0.847739332,0.561398718,0
0.713246013,0.981864217,0.428198658,0.881066613,0.007281014,0
0.033407293,0.590279922,0.311449396,0.248276567,0.277935357,1
0.318402935,0.728947696,0.569195972,0.789035973,0.83019658,0
0.842934859,0.414644149,0.421273396,0.92626588,0.661763595,0
0.080467184,0.542186954,0.35600726,0.98743499,0.013655406,0
0.612180873,0.723623094,0.288906771,0.973641518,0.859536627,1
0.915652841,0.019232059,0.569872151,0.294650242,0.849028635,0
0.632849657,0.538877004,0.11458817,0.540222805,0.631904146,1
0.955912309,0.58505101,0.967400602,0.961606116,0.650200336,0
0.505907984,0.466021744,0.890378561,0.028256683,0.113808198,1
0.102071729,0.756935325,0.339651024,0.637968545,0.603782904,1
0.38582797,0.531567722,0.645138534,0.94095033,0.575634073,0
0.614367512,0.067855818,0.952215815,0.528081928,0.80127342,1
0.050291063,0.420910136,0.256975459,0.266975899,0.79145373,0
0.623866725,0.439745312,0.01058574,0.964927943,0.962023253,0
0.21755221,0.041346372,0.530199363,0.951410815,0.910395846,0
0.584662864,0.303548851,0.329960884,0.897913551,0.491784036,1
0.131116229,0.248425476,0.276794901,0.123546685,0.463044382,1
0.916050908,0.668782543,0.072473924,0.005494818,0.276247667,0
0.362692935,0.776749669,0.967005524,0.387567173,0.68669003,0
0.994901907,0.745666584,0.636189549,0.078074854,0.323215201,0
0.913392158,0.201005482,0.843590359,0.696323685,0.366324371,0
0.52917427,0.542806469,0.714053785,0.516555941,0.13307599,1
0.773454672,0.406272497,0.96309389,0.283513782,0.26307878,0
0.333507396,0.572317016,0.89486974,0.17628164,0.279678798,1
0.581679843,0.454334242,0.447322887,0.820734262,0.923878303,0
0.481306966,0.687351795,0.801058711,0.51836641,0.294316409,0
0.638084598,0.5851091,0.90156282,0.052407037,0.910131387,0
0.534432028,0.015676116,0.344702179,0.724333564,0.488433088,1
0.980159037,0.422610074,0.32663523,0.821671934,0.547906699,0
0.682326579,0.805702338,0.671427546,0.422407495,0.124796448,0
0.580248167,0.897433327,0.418892427,0.910725235,0.50352782,1
0.620841562,0.832988476,0.56459711,0.090969339,0.980979401,1
0.245849302,0.710505329,0.505113439,0.478772637,0.243940819,0
0.722150766,0.112788265,0.990453309,0.845373537,0.53450894,1
0.424552956,0.286464632,0.501591471,0.879417462,0.275006401,0
0.500537459,0.234549902,0.337149114,0.190260509,0.990539194,1
0.571497446,0.732815124,0.098249913,0.36611755,0.892639803,0
0.084438326,0.165483228,0.62541761,0.622788994,0.838227044,0
0.935492764,0.141986475,0.259373819,0.427461406,0.000903286,0
0.069814303,0.226491278,0.481101964,0.251522738,0.876681892,1
0.324272876,0.924622812,0.974787261,0.449861534,0.227128817,0
0.291666133,0.776333682,0.273349708,0.380582868,0.478575858,1
0.575111116,0.99610044,0.232209755,0.353423703,0.262891177,0
0.361113437,0.100804517,0.359809767,0.887865031,0.298589848,0
0.37193478,0.944474164,0.728378996,0.516738715,0.777192728,0
0.123179649,0.464490353,0.118236129,0.233618145,0.14186726,1
0.361801239,0.38163932,0.947308582,0.264125731,0.472428845,0
0.811379404,0.815617586,0.750343187,0.287833762,0.494971619,1
0.186211595,0.188399523,0.435841213,0.738592221,0.52658426,1
0.886683221,0.830908798,0.031605443,0.568419043,0.609161264,1
0.961575144,0.023236627,0.531103771,0.204781362,0.053662906,1
0.587488525,0.772604144,0.774865449,0.03028841,0.4069464,1
0.044509627,0.247838647,0.192880703,0.215182579,0.339118414,0
0.277418042,0.962279911,0.35240712,0.894172515,0.181041672,0
0.763746867,0.061345536,0.462761229,0.00551044,0.810290763,1
0.950486036,0.035107371,0.933846361,0.773853891,0.358861579,0
0.908876551,0.296257271,0.409295312,0.096711262,0.656938962,0
0.029600829,0.484905275,0.68319185,0.821237601,0.14994139,1
0.754090366,0.719077024,0.559570534,0.584644598,0.091270721,1
0.600471043,0.381522207,0.867580851,0.313098882,0.576595077,1
0.4265714,0.876261938,0.253916667,0.07880236,0.748655721,1
0.412896617,0.589098359,0.026389332,0.952109791,0.877618377,1
0.623867901,0.017029842,0.377976474,0.978796538,0.681330359,1
0.160987861,0.460596749,0.966737744,0.534708174,0.024614528,1
0.619772084,0.271216531,0.098845952,0.402908445,0.558523097,1
0.017040718,0.559046809,0.511203147,0.793908383,0.423549817,0
0.55345043,0.742009304,0.897145872,0.380034576,0.601633496,0
0.694610903,0.043270676,0.800760508,0.377430185,0.670238941,0
0.471664066,0.702339143,0.724330979,0.191571013,0.662174234,1
0.851323438,0.235567201,0.75818347,0.633825113,0.955126034,0
0.260246577,0.154277778,0.312121015,0.257958778,0.75683276,0
0.733109304,0.669684901,0.216379114,0.861806807,0.956571556,1
0.531605818,0.649372731,0.500692099,0.283557715,0.286147604,0
0.313420523,0.190850004,0.901923633,0.858398134,0.461639361,1
0.367251413,0.939078357,0.222373469,0.553541959,0.054498156,1
0.191202197,0.604026933,0.662183653,0.580995819,0.869601416,1
0.993405221,0.763861842,0.465091784,0.833934669,0.120387394,0
0.683270696,0.518337787,0.178065886,0.972933617,0.33843742,0
0.615423406,0.878594238,0.506688844,0.11513785,0.818739084,1
0.353213767,0.983066869,0.883825446,0.853449333,0.356253178,1
0.757129778,0.986329063,0.526321612,0.470732155,0.014665821,0
0.700203769,0.858477569,0.247457186,0.315024577,0.500677021,0
0.072080157,0.089642476,0.421110759,0.261218953,0.406037303,1
0.454386298,0.976273397,0.94425982,0.139730152,0.882585974,0
0.080206662,0.50763547,0.1639099,0.365892145,0.743340226,0
0.424505479,0.806951288,0.718815711,0.942839446,0.534156021,1
0.802147954,0.322907106,0.345745845,0.400510464,0.410915734,1
0.103253221,0.519098939,0.096803219,0.889762136,0.061844783,0
0.44969443,0.284694066,0.154869416,0.783836691,0.714932399,0
0.14594789,0.632765641,0.792555167,0.77333222,0.092279598,1
0.685512719,0.716023921,0.862166267,0.508044339,0.461094,1
0.965116325,0.796512256,0.558730991,0.330617071,0.845237996,0
0.455436389,0.092685192,0.454904273,0.871968396,0.448282147,0
0.014349148,0.611485324,0.995830003,0.817248584,0.617237947,0
0.914398887,0.813581682,0.498639353,0.591220285,0.731292809,1
0.846426164,0.058176402,0.774803857,0.44750344,0.66079856,0
0.764633011,0.539501925,0.158514851,0.409526832,0.076872994,1
0.689300691,0.953706182,0.795252812,0.389786423,0.584291496,0
0.304200676,0.5410456,0.300726906,0.738324757,0.259341508,1
0.96402039,0.661948732,0.068777848,0.010777764,0.997046344,0
0.220505578,0.312562748,0.208414014,0.928101772,0.65201286,0
0.504386324,0.557650814,0.317872847,0.614175002,0.419600363,1
0.199228146,0.6566051,0.373840569,0.785066379,0.415394958,1
0.508271375,0.787466479,0.447878093,0.966221135,0.793028667,0
0.826430405,0.953920467,0.388850629,0.580080264,0.693591741,1
0.673458484,0.952936795,0.288348634,0.291361529,0.918004402,1
0.799305642,0.203356624,0.570046878,0.745763734,0.35303639,0
0.434382251,0.575396612,0.467108558,0.75304239,0.005938754,0
0.434632524,0.337581375,0.609164053,0.775958442,0.076145162,1
0.158059734,0.665081624,0.738402441,0.588201777,0.982803349,0
0.499461489,0.136292335,0.68629106,0.602075522,0.590421475,0
0.545853635,0.93909571,0.129156397,0.073197299,0.154117169,0
0.24499021,0.592946319,0.612425249,0.232601877,0.489225499,0
0.482061853,0.453110766,0.803545295,0.47169307,0.758365496,0
0.166481132,0.531967344,0.824104776,0.177716584,0.464922169,1
0.609079316,0.184774575,0.756765606,0.078996248,0.946415509,1
0.468221494,0.336123086,0.116807007,0.432596643,0.659804029,0
0.094487279,0.306269095,0.836017583,0.646181026,0.206373012,0
0.160909796,0.904485026,0.287020221,0.179500169,0.999964019,0
0.309191828,0.124740188,0.46175763,0.43434511,0.926802476,0
0.134204947,0.091136406,0.092978671,0.904287466,0.449369178,1
0.150606528,0.593830098,0.537623356,0.198406748,0.603038139,1
0.340231234,0.238370768,0.510400611,0.291649262,0.222139922,1
0.879722408,0.155762577,0.280589977,0.38613838,0.27363831,0
0.210710643,0.771146097,0.329016159,0.112512958,0.540895162,1
0.125488497,0.357519607,0.881826762,0.369161195,0.632508974,0
0.514625536,0.137724846,0.649069598,0.856034997,0.093212474,0
0.753680089,0.690211282,0.866660575,0.104091932,0.305695379,1
0.694291487,0.022017979,0.734075678,0.857978579,0.453304052,1
0.434329903,0.278468962,0.00505187,0.186303517,0.979864118,0
0.867286077,0.266504639,0.963748857,0.367712616,0.297585375,1
0.152807635,0.90161107,0.986992491,0.327411404,0.703430423,1
0.33530341,0.104990739,0.392692307,0.551569961,0.123016759,0
0.818272775,0.497363117,0.234382953,0.592759579,0.793259306,1
0.327624349,0.701476324,0.42785918,0.964051169,0.770940087,0
0.356350903,0.017747959,0.657519895,0.197872159,0.121879176,1
0.931776451,0.99994897,0.269888821,0.301768552,0.164988939,0
0.457684776,0.86584376,0.701505952,0.846331558,0.228481656,0
0.730456067,0.918526628,0.281416114,0.690653544,0.400657412,0
0.290226645,0.969623469,0.34863323,0.107849681,0.38858921,1
0.447678291,0.752210825,0.949914267,0.817056984,0.930941311,0
0.47506013,0.719316568,0.309049585,0.069587109,0.365473525,1
0.697915228,0.27462211,0.861405896,0.79077285,0.194042549,0
0.330836762,0.825302618,0.24393779,0.331602146,0.343066932,1
0.801042028,0.037030266,0.073786983,0.578451548,0.397111991,0
0.63288532,0.266461276,0.909582677,0.760941887,0.067746221,1
0.783905477,0.969582372,0.942435621,0.735483798,0.123593753,1
0.576076766,0.284232729,0.970212944,0.717485725,0.61076559,0
0.695088043,0.437979129,0.372736751,0.935799579,0.331927135,0
0.041436132,0.400840154,0.790340353,0.648468358,0.962170775,1
0.106201868,0.911546302,0.368849194,0.474002585,0.428482154,0
0.116452281,0.247796456,0.742271569,0.023007542,0.133887774,1
0.025210169,0.857388057,0.617324828,0.169928662,0.768772223,1
0.966800597,0.934560375,0.921547548,0.007810215,0.589013489,0
0.256632617,0.564647214,0.318030289,0.153666543,0.444493723,1
0.495096327,0.989765507,0.042387884,0.301155199,0.851893845,1
0.659695498,0.826683032,0.660290919,0.759536309,0.49292175,1
0.204877693,0.810003861,0.567820655,0.139505194,0.804894027,0
0.95858591,0.346163873,0.293512252,0.081775178,0.664491226,0
0.958961618,0.13599269,0.485159631,0.098238185,0.034109904,0
0.664501051,0.867687175,0.337570536,0.875765174,0.117053099,0
0.237960682,0.901606727,0.508509894,0.608192384,0.038018233,0
0.12838991,0.055790813,0.90500074,0.134794964,0.849672827,0
0.351034699,0.800597496,0.365043547,0.26768404,0.093660701,0
0.280706591,0.471479717,0.817508799,0.452514955,0.971435575,1
0.541633011,0.02494563,0.4153673,0.688899107,0.234291646,1
0.698629951,0.503697305,0.025737776,0.774352949,0.560373704,1
0.082493503,0.475214033,0.287292882,0.879681543,0.284927053,0
0.941687071,0.546132749,0.32361371,0.813545017,0.697400378,0
0.413962496,0.629618303,0.778584264,0.851557794,0.816412714,1
0.166077089,0.828389553,0.058629059,0.200170682,0.62292672,0
0.114692525,0.603347595,0.307965691,0.429466585,0.315151503,1
0.070173568,0.500758753,0.963599444,0.611783348,0.300031872,1
0.956149834,0.389237252,0.697517734,0.634112805,0.952910848,0
0.914602694,0.148004056,0.085685875,0.809642328,0.904943213,1
0.492973604,0.690761274,0.06978828,0.219804398,0.149376195,0
0.601160584,0.197539894,0.059846316,0.302207283,0.677212429,0
0.577863724,0.330724965,0.833478876,0.276269108,0.260547638,1
0.559947411,0.47821564,0.445972661,0.155785619,0.504646192,1
0.259018917,0.392179883,0.733570448,0.936862826,0.773862965,1
0.405633895,0.593033139,0.746497816,0.41422105,0.360248159,1
0.135243296,0.736260801,0.838508591,0.316584411,0.783507766,1
0.610213058,0.784083046,0.411337383,0.747576364,0.408509118,1
0.088757985,0.550578918,0.454328726,0.252879887,0.892113335,0
0.382853306,0.039126111,0.38213574,0.424509808,0.861637723,1
0.799183208,0.199966586,0.839029226,0.247927228,0.341934148,1
0.076818454,0.055356313,0.680860121,0.923341085,0.493016854,0
0.844093712,0.79375125,0.664678723,0.978228931,0.802187921,1
0.274844394,0.789014246,0.692661646,0.399520447,0.07679747,1
0.21435953,0.797237892,0.248485288,0.997857983,0.69398814,0
0.477222481,0.57043669,0.610872724,0.96894482,0.161741195,1
0.272395803,0.709591048,0.239857983,0.871297162,0.346534176,1
0.1808394,0.047620761,0.59559504,0.82528219,0.273793111,1
0.917539486,0.75773427,0.061300682,0.572632997,0.56744094,1
0.202372305,0.334544379,0.458278894,0.048077821,0.149776409,0
0.164004389,0.379235754,0.747357459,0.831303659,0.162849046,0
0.751906036,0.670709958,0.890687392,0.968791254,0.124460609,0
0.080673861,0.799730129,0.162170873,0.194574524,0.882035923,0
0.938964897,0.318471244,0.8421681,0.85885691,0.605390481,1
0.566088448,0.575838409,0.301289188,0.618867039,0.243580271,0
0.17763229,0.412950454,0.705780423,0.621427687,0.964882079,0
0.646455911,0.14131405,0.161218213,0.09306714,0.191173765,1
0.597950901,0.838286475,0.893867652,0.400043887,0.558583029,1
0.809199592,0.312070521,0.595669004,0.174082511,0.476540341,1
0.17307226,0.46242639,0.396819692,0.433264824,0.243712226,0
0.136043342,0.275665328,0.239580039,0.734296203,0.716975073,0
0.584482994,0.091333798,0.566261854,0.079237026,0.018173019,1
0.352596115,0.240544919,0.594647681,0.928642488,0.719852028,1
0.767360862,0.95089311,0.634091081,0.577730941,0.601867976,1
0.865805257,0.388099035,0.795336225,0.652256935,0.304571551,1
0.013688411,0.20991999,0.699988765,0.57969031,0.2745947,1
0.434302471,0.661148766,0.12708614,0.432279581,0.416624215,1
0.54260102,0.52191368,0.367726685,0.762733629,0.06722904,0
0.035538473,0.42025934,0.89669425,0.277569351,0.172309325,1
0.928208394,0.168223255,0.374840537,0.72901551,0.260924008,0
0.229849528,0.397667234,0.787364815,0.910983353,0.031292528,0
0.165108127,0.958601289,0.592791292,0.551410269,0.813543679,1
0.039783298,0.013836251,0.96749405,0.828570686,0.747381782,0
0.15570077,0.476603923,0.937293539,0.933599596,0.009247107,0
0.752491409,0.006237766,0.984301728,0.416967202,0.973518758,1
0.367746809,0.293187291,0.316291964,0.730679067,0.199672834,0
0.864057692,0.590572694,0.969911026,0.987084903,0.185182001,1
0.955782054,0.046538486,0.027863724,0.943864577,0.962396737,1
0.147247673,0.442415815,0.494092528,0.860281237,0.627917243,0
0.774566424,0.485096845,0.648413702,0.73540936,0.737881284,1
0.001737827,0.099908074,0.363660441,0.061197447,0.382989702,0
0.389566848,0.920233537,0.567071855,0.706351281,0.887198682,1
0.442129321,0.001962145,0.285336025,0.8141587,0.90184117,0
0.351509581,0.293991253,0.924505211,0.351073736,0.652245188,0
0.280309235,0.097918799,0.501236312,0.923231837,0.618640754,0
0.208826625,0.682429573,0.768361144,0.320760562,0.559209401,1
0.681953131,0.160353145,0.96410094,0.451251961,0.97966439,0
0.189573866,0.483773546,0.165853654,0.010180822,0.237875173,1
0.403187337,0.431130738,0.886505155,0.635677264,0.434441655,1
0.9879977,0.614224332,0.322662965,0.691310881,0.495699923,1
0.881167694,0.896511262,0.3673504,0.562339051,0.265773444,0
0.626636752,0.992346962,0.832588518,0.3664099,0.095380352,1
0.966681987,0.389584779,0.293380893,0.316335393,0.489923367,0
0.956751399,0.986622321,0.296126727,0.351468708,0.51180656,0
0.008187289,0.174836563,0.936059021,0.029435237,0.10097628,1
0.420647017,0.731450249,0.26887823,0.305965591,0.30547298,0
0.872601927,0.226097606,0.562401826,0.999931147,0.728465495,1
0.336350655,0.76545897,0.953915707,0.373537807,0.70801124,1
0.075804263,0.895296837,0.096256725,0.372925096,0.542505843,0
0.263577642,0.649269326,0.554428727,0.71718524,0.354139365,1
0.54601389,0.8121854,0.810696346,0.714239975,0.54193589,1
0.673261101,0.08688029,0.471317201,0.8601435,0.607364822,0
0.941683106,0.262178521,0.096301802,0.626613436,0.09092593,0
0.782135363,0.256742408,0.538751858,0.81137704,0.788035369,0
0.495975027,0.975846413,0.497633157,0.278791417,0.302431245,1
0.743642724,0.437107039,0.418788485,0.020486595,0.30527816,0
0.86038308,0.803504498,0.74651086,0.023128387,0.026990291,0
0.311464959,0.474453272,0.909741268,0.384629816,0.288525003,0
0.571152968,0.9146943,0.738638711,0.856666282,0.182197645,1
0.125664445,0.544071134,0.697370826,0.954988048,0.371534408,1
0.346556852,0.515854298,0.684937937,0.566023777,0.723030693,0
0.380314937,0.86219763,0.182975594,0.315904643,0.773677664,1
0.335672254,0.668154602,0.287797609,0.187104342,0.300732564,0
0.886993297,0.460883129,0.225415154,0.321438589,0.002770957,1
0.755808288,0.225677452,0.59792104,0.025109538,0.834498432,1
0.187444754,0.004768378,0.301187808,0.920487119,0.262614218,0
0.503478838,0.407229844,0.294249258,0.927353579,0.788994908,0
0.761913315,0.526107124,0.824861674,0.458428658,0.46518955,0
0.493774063,0.236910225,0.923651859,0.258750675,0.1981595,0
0.243751793,0.817352117,0.768545638,0.427106808,0.013781905,1
0.975735033,0.132530977,0.851422677,0.781723087,0.938075782,0
0.773398539,0.331371591,0.231914043,0.37769082,0.203087171,1
0.719574748,0.826518632,0.646438892,0.186092731,0.037384711,0
0.580401267,0.462673105,0.199703928,0.368083902,0.541466256,1
0.632917112,0.476643778,0.971392822,0.0462264,0.658207913,1
0.909557902,0.236564211,0.213707188,0.762232807,0.486373794,1
0.992177507,0.58912362,0.923441933,0.01221052,0.15453962,1
0.684419045,0.41646637,0.835964569,0.428898093,0.712996696,1
0.566160017,0.119903567,0.717951207,0.706371801,0.115718151,0
0.561911458,0.335650018,0.458849782,0.422758693,0.104774404,0
0.158022986,0.086808616,0.192447014,0.852444386,0.024522649,1
0.43161725,0.800936389,0.100258205,0.22771359,0.727439708,1
0.647552433,0.563023837,0.171640817,0.794531012,0.141414112,1
0.134797895,0.795035044,0.369223328,0.312617116,0.278672051,0
0.324972106,0.3405876,0.696367694,0.240262201,0.325326453,0
0.776211508,0.913150573,0.61283597,0.105118229,0.541584661,0
0.627778874,0.314052697,0.828000373,0.782078811,0.575306707,1
0.145015589,0.697381466,0.895348664,0.25010111,0.958685896,0
0.771302397,0.300321575,0.616821124,0.307847932,0.099467876,1
0.82414867,0.665807035,0.614000651,0.142172881,0.377377113,0
0.87663608,0.163304461,0.047902887,0.191151477,0.250180007,0
0.783642524,0.648141471,0.017342747,0.017289653,0.566896429,0
0.633292442,0.125421881,0.610462152,0.24035191,0.336721342,1
0.40883158,0.116194796,0.963093605,0.973764454,0.445001689,0
0.257466478,0.958594447,0.818057397,0.724228606,0.461811787,1
0.410578701,0.779349272,0.519613678,0.660582139,0.566192982,0
0.712185407,0.094105004,0.377621093,0.167089189,0.2420439,0
0.200824277,0.503322299,0.018992989,0.963967602,0.518963826,0
0.052571514,0.68205384,0.26888805,0.106767593,0.830303686,0
0.197907603,0.104754269,0.056906453,0.728557744,0.655271247,1
0.008199141,0.22148054,0.704682031,0.152140855,0.576750783,1
0.213156467,0.449234285,0.867423062,0.302596427,0.68597239,1
0.438281233,0.096155254,0.360634994,0.841280066,0.973046242,0
0.845081671,0.162228391,0.345509298,0.831188159,0.553895934,0
0.776185797,0.777783267,0.071087901,0.342406566,0.479021505,1
0.945224722,0.898228801,0.423031983,0.095665927,0.404542287,1
0.535903333,0.904397191,0.294879267,0.308864146,0.627183235,1
0.505191555,0.195868959,0.144727249,0.48949721,0.779390956,0
0.778831252,0.975803687,0.382718198,0.391989327,0.001819495,1
0.829917365,0.646628444,0.769922119,0.4706232,0.920193489,1
0.029113798,0.115281183,0.376017335,0.085105908,0.087887882,0
0.566872679,0.21612202,0.626535211,0.929399822,0.82388221,0
0.248430388,0.089662926,0.950192468,0.994495931,0.374494899,1
0.460677261,0.145333661,0.710180793,0.421833607,0.803015145,1
0.577296711,0.042783809,0.334954541,0.808596171,0.688113881,1
0.632531947,0.672504642,0.605036876,0.641124327,0.620421105,1
0.53342794,0.757747125,0.369492564,0.475238339,0.401449557,0
0.209210491,0.321888962,0.055015078,0.325527634,0.390583093,1
0.093384098,0.22045513,0.249541747,0.227470208,0.350221702,1
0.144876105,0.731501357,0.342654855,0.122365234,0.593599781,0
0.179648175,0.058056321,0.163292142,0.419994812,0.693508972,1
0.641500885,0.005205979,0.793290653,0.335687778,0.679715691,0
0.032673172,0.393788243,0.019610501,0.816345535,0.186967181,0
0.674547908,0.277066163,0.135351114,0.930295339,0.595024616,1
0.890631047,0.306599402,0.829835334,0.941682333,0.395183827,0
0.904131051,0.335085743,0.324599999,0.995732672,0.952410448,1
0.228618346,0.837202027,0.342457878,0.979243374,0.849817629,0
0.904919301,0.573673511,0.294151352,0.197525006,0.527871921,1
0.671515725,0.741788635,0.170383213,0.535887993,0.43610982,0
0.208224211,0.552962317,0.275913722,0.535054557,0.200109345,1
0.899942537,0.338102825,0.610334603,0.121932987,0.630017193,1
0.272040339,0.95653159,0.394154266,0.607406557,0.215813366,0
0.861476203,0.804332918,0.245635312,0.911048508,0.040155022,0
0.752573121,0.457868785,0.835459394,0.465485967,0.065582096,1
0.226545532,0.994374835,0.334177603,0.160305217,0.805830826,1
0.045069827,0.066408751,0.297518779,0.047400975,0.995712684,0
0.691128886,0.519586441,0.80516639,0.662486801,0.173264954,0
0.2196338,0.867694286,0.336961327,0.447640343,0.391135712,1
0.052029812,0.704573717,0.540074081,0.676140082,0.27823139,1
0.406913908,0.192649762,0.419682631,0.653491412,0.944689043,1
0.6634572,0.52515973,0.416367222,0.105549684,0.477074297,1
0.155108093,0.582187183,0.730247078,0.946495612,0.296852868,1
0.396905539,0.18295194,0.87794051,0.824077224,0.774959895,0
0.057290039,0.556719442,0.235013562,0.119685197,0.7816131,0
0.211581375,0.500811698,0.526096348,0.213282004,0.492261166,1
0.052819898,7.24E-05,0.880321932,0.415588702,0.907419799,1
0.49630736,0.431108295,0.295912141,0.081688938,0.309694649,0
0.608470265,0.762786347,0.540825518,0.758255844,0.157751592,1
0.583239932,0.882603227,0.217960208,0.227668938,0.748432513,1
0.812056785,0.24804633,0.331569804,0.6317694,0.398431713,0
0.62401097,0.496430032,0.773651309,0.845888647,0.863827209,1
0.611525078,0.612584105,0.449646899,0.027614045,0.299180219,0
0.063697719,0.437785249,0.849485249,0.596802018,0.675532598,0
0.188007972,0.26195315,0.163132153,0.842688762,0.280313013,0
0.56232631,0.141128613,0.123988908,0.347583363,0.330353158,0
0.328853234,0.600932787,0.315990156,0.768735869,0.090670768,1
0.324785858,0.669193129,0.60293211,0.119515618,0.439473493,1
0.309221463,0.631870432,0.12987028,0.670565923,0.463832531,1
0.274889988,0.747443994,0.187909855,0.152237939,0.015355937,1
0.861300356,0.492365541,0.516715609,0.114762617,0.107776136,1
0.333783405,0.516230644,0.700872219,0.499270357,0.831558431,1
0.377392332,0.028087992,0.426152275,0.085002629,0.322054427,1
0.985154683,0.857354257,0.236455713,0.375962431,0.431165131,0
0.763868378,0.033457128,0.03862277,0.117117868,0.628324983,1
0.414546617,0.848925629,0.28405789,0.48925203,0.706785722,1
0.545201197,0.316799978,0.152542769,0.540603419,0.142156502,1
0.93930446,0.539890611,0.174915305,0.720642547,0.103547194,1
0.77164479,0.457289111,0.132661956,0.037211036,0.993377994,0
0.27436829,0.952248622,0.501836337,0.503015384,0.091069718,0
0.950705819,0.732895865,0.518727838,0.120257139,0.175676569,1
0.432166605,0.362258821,0.558138007,0.076343975,0.040346019,0
0.511103087,0.028501381,0.059551954,0.376341458,0.06177907,1
0.385469627,0.241750516,0.187770297,0.404679831,0.119903906,1
0.349639367,0.434873629,0.830002947,0.932806182,0.308338434,1
0.29264205,0.566518274,0.137414426,0.349712185,0.053216379,0
0.379068144,0.114151346,0.561812912,0.641593734,0.987091537,1
0.195138662,0.207202149,0.947419519,0.864640838,0.616054049,0
0.841407237,0.209692145,0.874028823,0.86730751,0.248112248,0
0.508373314,0.929774264,0.679149996,0.660519105,0.559764601,1
0.268831565,0.978415372,0.447509646,0.311450097,0.72858071,0
0.607704813,0.342241308,0.303791591,0.214506685,0.078486437,1
0.625710907,0.505693638,0.234848411,0.055124526,0.018901068,0
0.73849593,0.188253189,0.266643619,0.014112194,0.150639055,0
0.874445718,0.242060835,0.953958198,0.164346838,0.253261459,0
0.867709968,0.426608339,0.267828939,0.692813763,0.051228404,1
0.890605177,0.841561545,0.085797035,0.798618747,0.961170442,0
0.492069619,0.56815335,0.67979674,0.266726943,0.649661259,1
0.4748675,0.405541805,0.90280156,0.79790311,0.934607628,1
0.836651825,0.041810601,0.606529391,0.697636882,0.664857476,0
0.271956435,0.425630351,0.039029138,0.094094128,0.560511901,1
0.582411764,0.201229291,0.448202724,0.47207726,0.011336778,1
0.142520783,0.624300057,0.992820108,0.650391748,0.120216667,1
0.821440297,0.431537721,0.083700209,0.599824583,0.228046098,1
0.416781747,0.31829425,0.642853948,0.431034673,0.103982093,0
0.215675566,0.500445274,0.789184227,0.009743265,0.612427284,0
0.115881759,0.604049424,0.836807635,0.228482966,0.495514752,0
0.774052926,0.175577479,0.152561143,0.905045869,0.694646651,0
0.736573363,0.843968628,0.539425781,0.488405499,0.556257352,0
0.717017969,0.390937305,0.095168247,0.135596885,0.973902958,0
0.051717662,0.711619337,0.943681528,0.129259547,0.722264378,1
0.302456598,0.236965018,0.852622608,0.909353692,0.347050509,1
0.632647537,0.175937634,0.789759436,0.881239888,0.318672352,1
0.652966984,0.876417698,0.015374906,0.855735262,0.572114344,1
0.414015385,0.522615847,0.824062008,0.72212955,0.501264851,1
0.487652326,0.899257713,0.232342204,0.095701696,0.678638119,1
0.702211712,0.568386027,0.262536545,0.29595306,0.617043229,1
0.272958342,0.499621212,0.33207435,0.510438176,0.2293639,0
0.198060478,0.73399834,0.385727537,0.232566191,0.858420401,0
0.401700477,0.115870165,0.708047964,0.279971989,0.565242245,0
0.62369304,0.962574371,0.191101201,0.284172057,0.932219832,0
0.718292906,0.449330997,0.734773397,0.413385123,0.410051521,1
0.156416754,0.522048247,0.262664414,0.633593436,0.398606183,0
0.853721033,0.771362591,0.147933233,0.591091963,0.71374062,1
0.514440912,0.113947282,0.503247394,0.43289899,0.325754436,1
0.582535572,0.324872333,0.235556687,0.735901275,0.213371021,1
0.805288255,0.979161006,0.441238716,0.812392386,0.168367728,1
0.797303502,0.962467159,0.517023394,0.255719804,0.160826268,1
0.916626829,0.324572539,0.497003731,0.433431551,0.43521552,0
0.76525826,0.935158319,0.636774677,0.957138222,0.190444669,0
0.563937277,0.685506985,0.71497633,0.755847451,0.333150102,1
0.88219458,0.131705562,0.278535714,0.468714001,0.591998093,1
0.295284182,0.907825645,0.451846832,0.100337334,0.819051766,0
0.965453896,0.34632765,0.554643585,0.583070603,0.801620919,1
0.151838274,0.841254064,0.721609501,0.034920096,0.566915171,1
0.028033767,0.496439947,0.599413118,0.634879706,0.926878669,1
0.297057019,0.84456586,0.452221213,0.66693986,0.807943423,1
0.724041166,0.795500589,0.636069507,0.800780609,0.909013477,1
0.904418842,0.32788822,0.971972827,0.057666996,0.616402693,0
0.495224558,0.23047607,0.535148049,0.06595466,0.553714158,1
0.854465442,0.140972413,0.325352187,0.631123271,0.359301279,0
0.415003027,0.338450898,0.482669896,0.373195954,0.144248323,1
0.198812796,0.07924659,0.467657068,0.845403935,0.090551083,0
0.658725498,0.42022316,0.871381022,0.363313546,0.694443389,0
0.399112227,0.541948441,0.774945641,0.967857083,0.134887448,1
0.529097061,0.132268642,0.03050372,0.74795062,0.983271319,1
0.595403283,0.072432645,0.061727979,0.314547364,0.38088406,1
0.003866484,0.842682903,0.468579766,0.995707682,0.884146935,1
0.500776308,0.627058128,0.314551999,0.303356104,0.130204962,1
0.545400216,0.081671265,0.446859659,0.32172442,0.790533335,1
0.381445614,0.901495302,0.18953043,0.930546574,0.593286645,0
0.120241602,0.50215017,0.267918187,0.749036497,0.651309439,1
0.062736511,0.41754622,0.887136203,0.407826993,0.743630562,0
0.113382571,0.866916627,0.502431763,0.947572168,0.537321172,1
0.769225684,0.972113896,0.72934701,0.577273336,0.36670814,1
0.042525088,0.432545709,0.412480458,0.823062258,0.189252706,0
0.742644852,0.037563613,0.886365328,0.667942596,0.422443787,1
0.265507722,0.18440104,0.585645136,0.410238675,0.743022893,0
0.906774551,0.295651546,0.649900357,0.422722192,0.042738993,1
0.615432673,0.363702566,0.013726045,0.472279981,0.091668901,1
0.628169658,0.526496365,0.500348743,0.936879208,0.880427379,0
0.713933967,0.577540711,0.252369314,0.008162767,0.11963474,0
0.32029423,0.196727846,0.570003822,0.534949817,0.389791445,0
0.800544526,0.731157146,0.687882866,0.502675247,0.043445229,1
0.428027729,0.499181835,0.447847596,0.004474627,0.652428859,1
0.257392775,0.044658824,0.503468609,0.920547383,0.029440283,0
0.013741593,0.587748087,0.542986237,0.015706349,0.103068751,0
0.836394642,0.452638446,0.124387267,0.155920484,0.611422736,0
0.328665995,0.025705232,0.636018496,0.032352926,0.110279948,1
0.158768248,0.143277911,0.761562946,0.093445456,0.148641591,0
0.447015569,0.140083691,0.746936028,0.487745851,0.879643396,0
0.038115875,0.855198388,0.153810954,0.925634736,0.326041109,1
0.510783038,0.023694076,0.72913891,0.213771285,0.916616743,0
0.661787046,0.283619146,0.260908589,0.170479213,0.801870503,0
0.438476749,0.276945611,0.952819512,0.802240832,0.586303011,1
0.802448656,0.120126744,0.672163777,0.324151575,0.687508973,0
0.961657129,0.780359591,0.565558837,0.745533208,0.468331667,1
0.279945179,0.04063404,0.677203045,0.142591435,0.459347961,0
0.666754543,0.891294006,0.609363637,0.217724679,0.474055656,1
0.667620069,0.195317522,0.732171796,0.763824237,0.522529358,0
0.858801239,0.224739838,0.537737494,0.894164184,0.704151511,1
0.806874314,0.222093022,0.572780581,0.324042715,0.658916433,0
0.522609647,0.625488805,0.617670024,0.736435821,0.798882287,1
0.061877768,0.94837685,0.406444912,0.170097012,0.921980119,0
0.783991415,0.420353809,0.599914514,0.226197261,0.413130328,1
0.400939965,0.754040439,0.431722995,0.754871289,0.790079428,0
0.385619862,0.440063331,0.520715994,0.003510696,0.195055,1
0.847137147,0.760940303,0.07715158,0.634897665,0.020735353,1
0.534203669,0.161481628,0.853452347,0.614815222,0.063982262,0
0.641253861,0.892198211,0.733706402,0.115202308,0.665093264,0
0.61070268,0.631351864,0.795162131,0.304419139,0.355468527,0
0.201816137,0.457176083,0.409843362,0.084101843,0.242606514,1
0.119927583,0.554508397,0.187266526,0.325602199,0.817053336,0
0.57184922,0.519583292,0.944362744,0.437351391,0.883641085,0
0.577854005,0.405335482,0.346072074,0.903377983,0.565245358,1
0.251713564,0.519468861,0.249770894,0.240668897,0.129141352,1
0.689309254,0.781043608,0.323611973,0.409296651,0.793068092,0
0.016303199,0.332830955,0.307594384,0.543451695,0.89486924,1
0.040516736,0.842771355,0.557127806,0.587666927,0.956965637,0
0.128283106,0.276643565,0.23005181,0.468839958,0.57982986,0
0.727862975,0.053039206,0.42612942,0.924274335,0.462592774,1
0.817622719,0.111979807,0.289681668,0.735396889,0.621354237,1
0.443152663,0.668914,0.770968303,0.897508709,0.440355112,1
0.642609699,0.38146028,0.927049865,0.480683693,0.410522991,0
0.939471258,0.001961282,0.331971091,0.83820557,0.451448349,0
0.348386385,0.587816414,0.404675817,0.329503616,0.265973305,1
0.313045472,0.924162029,0.959672931,0.098830597,0.735413883,1
0.657762688,0.630968665,0.032843346,0.273453916,0.74610287,1
0.495806829,0.023888345,0.526515555,0.847804881,0.878420254,1
0.898625955,0.527332385,0.46696759,0.244344628,0.866077572,1
0.799857175,0.863574864,0.225944966,0.097902932,0.698445068,1
0.913151177,0.916576766,0.528631471,0.642105219,0.112081193,0
0.275287785,0.537750978,0.880768886,0.484139728,0.592708244,1
0.055536435,0.964653993,0.492427223,0.160270429,0.338970972,1
0.51330734,0.138514309,0.196646825,0.915896905,0.87255259,1
0.122302108,0.278997905,0.635584342,0.259753648,0.002083879,0
0.701214567,0.193078574,0.324955543,0.283936436,0.152369198,1
0.135685105,0.144913495,0.967491685,0.726850883,0.940075378,1
0.57153993,0.331008759,0.16392685,0.483356295,0.49339851,0
0.777469827,0.528439484,0.194850346,0.814190703,0.147916014,1
0.528914011,0.042469198,0.369180944,0.671873171,0.138708508,1
0.524879992,0.538839169,0.909355112,0.466629374,0.078350884,1
0.145937294,0.27560864,0.798954018,0.255108329,0.609429292,0
0.07838169,0.20214542,0.619142826,0.098138754,0.71554259,1
0.449100203,0.279575251,0.873900252,0.673158147,0.064184382,1
0.670197638,0.198379237,0.920258913,0.153731989,0.616689556,1
0.242406504,0.942166482,0.324467196,0.589636563,0.129509376,0
0.479372056,0.608836289,0.770696189,0.557067494,0.703598852,0
0.859081505,0.298556745,0.340166934,0.029573851,0.554261813,1
0.971530928,0.736102699,0.99258552,0.454352076,0.747473578,1
0.161208272,0.422006464,0.643613873,0.450312058,0.029722184,1
0.31684261,0.676067757,0.395193721,0.448404945,0.856179176,1
0.26939083,0.615931615,0.845770557,0.807150627,0.238723666,0
0.051089771,0.27682779,0.176403405,0.027710749,0.304361643,1
0.52081139,0.650318979,0.377895233,0.204282922,0.569306033,0
0.752366306,0.694951688,0.856984557,0.263867025,0.503009832,1
0.488437404,0.321582583,0.686420987,0.134234205,0.805149133,1
0.036619174,0.388179849,0.607320346,0.424364087,0.655692146,1
0.038800615,0.867160508,0.077657127,0.287746322,0.293368916,1
0.011813637,0.094023881,0.851883929,0.775814848,0.737993479,0
0.689296203,0.074530084,0.298657434,0.006573278,0.060521021,1
0.037887596,0.198934004,0.056283547,0.016883784,0.244914732,0
0.798853924,0.056311005,0.984549234,0.657583236,0.866820881,1
0.660700958,0.77687374,0.300778855,0.257324699,0.664424978,1
0.563154353,0.505663258,0.177255246,0.230648523,0.549725112,0
0.409918041,0.962512294,0.552822356,0.431711664,0.950598853,0
0.091613851,0.271781991,0.346394436,0.853502618,0.766411984,1
0.304714175,0.872563358,0.062556665,0.49346694,0.654684238,1
0.312194314,0.069171072,0.257160309,0.483771772,0.31810636,0
0.415671856,0.093124618,0.014273543,0.877612648,0.078111746,0
0.292824576,0.664045374,0.84450443,0.321262737,0.652068502,0
0.472131293,0.051013033,0.408363003,0.029848052,0.964190298,0
0.7621838,0.33929233,0.23474043,0.400327169,0.316164457,1
0.370794409,0.918714429,0.404525144,0.741399491,0.156813021,0
0.533681076,0.493733963,0.591231947,0.67988749,0.861019442,0
0.229967247,0.381534111,0.057182788,0.62418128,0.934759914,1
0.396197109,0.971751081,0.597875245,0.211246709,0.529529025,1
0.640045546,0.666272832,0.638041808,0.189613969,0.208310587,1
0.241463051,0.732993916,0.499354524,0.671255574,0.79936341,0
0.56406952,0.471141041,0.402515097,0.53626287,0.14957848,1
0.786445503,0.912759237,0.812365036,0.821895567,0.829401413,0
0.175649116,0.995812729,0.65718579,0.420927064,0.888023852,1
0.582351273,0.993624509,0.752073694,0.367510709,0.742562225,0
0.730109972,0.312990778,0.884175241,0.140764916,0.365273515,0
0.636274191,0.479139119,0.678155898,0.997353681,0.077996637,1
0.758968859,0.817424509,0.282201441,0.255156052,0.441357623,0
0.393856758,0.507819068,0.211584202,0.493800475,0.812752423,0
0.882883392,0.666762262,0.288130464,0.873245118,0.421227911,1
0.23180719,0.134597309,0.961668858,0.087979154,0.529760465,1
0.202177272,0.868280395,0.194526694,0.736479759,0.165115968,1
0.938112249,0.663324999,0.415120865,0.96248251,0.524050862,0
0.384073729,0.162475503,0.721089316,0.596332944,0.222892847,1
0.249961835,0.220382128,0.495841865,0.047289313,0.289247485,0
0.736623944,0.621229903,0.818596145,0.744824955,0.021277337,1
0.569569134,0.438416727,0.361300044,0.992381586,0.656963371,1
0.251070073,0.532866059,0.095231933,0.74527328,0.34765174,0
0.168883373,0.162421463,0.015228865,0.777880253,0.728699876,0
0.485025892,0.305964756,0.391611653,0.884088492,0.121299772,0
0.02956474,0.21572445,0.520685633,0.007682918,0.104264734,1
0.697863982,0.448062857,0.94863896,0.910766568,0.276457896,1
0.37771593,0.918171731,0.579257595,0.369721908,0.800406705,1
0.924504108,0.673493065,0.230903578,0.819260516,0.420526161,0
0.69804658,0.486353616,0.940864904,0.068375241,0.155796704,1
0.194568262,0.221000507,0.235427618,0.152850205,0.692917552,1
0.218155748,0.235453481,0.197388262,0.39868722,0.958593103,0
